{"Query": [-200.0, -62.391440179264116, -20.0, 0.9999841055332589, 2.0199655430796413, 40.56994539927332], "Best Metrics": [42.30686499888727, 59.010722662321136, 0.0096495533311886, 0.011384514435695539, 0.005446194225721785, 1224.0, 513.0], "Default Metrics": [55.49115639346448, 69.69449003479313, 0.1416175355192471, 0.01646981627296588, 0.011975065616797897, 2111.0, 867.0], "Metric Datapoints": [[0.1416175355192471, 69.69449003479313, 0.01646981627296588, 0.011975065616797897], [0.12405446468363644, 66.90474733244082, 0.014665354330708662, 0.00961286089238845], [0.14305243500307532, 78.45722461653071, 0.02125984251968504, 0.02257217847769029], [0.180921511329446, 59.8269847249052, 0.010564304461942257, 0.005216535433070867], [0.03859971514877832, 65.9846794972225, 0.01276246719160105, 0.00853018372703412], [0.06956979734784892, 76.83099355745861, 0.024015748031496063, 0.021161417322834646], [0.11050994004264261, 72.89472337627257, 0.017191601049868766, 0.013910761154855643], [0.292220546590991, 59.76697247136269, 0.009087926509186352, 0.004888451443569553], [0.15873784758353182, 58.55016713960956, 0.009416010498687665, 0.0045603674540682405], [0.05596294677110154, 71.69970979268807, 0.019652230971128608, 0.014993438320209974], [0.43230301689956, 95.56887330342121, 0.03051181102362205, 0.0458989501312336], [0.019818786191465775, 61.5819556739441, 0.012664041994750656, 0.006889763779527559], [0.2611677917867524, 63.95641922786668, 0.011581364829396326, 0.009448818897637795], [0.04570282858000816, 75.22000983108516, 0.023425196850393702, 0.01899606299212598], [0.1481905380774909, 66.4628468236055, 0.014763779527559055, 0.00954724409448819], [0.09594876269714477, 56.68821406428243, 0.008070866141732283, 0.004101049868766405], [0.15350384487574795, 60.18777617226125, 0.008300524934383203, 0.00508530183727034], [0.07512827429829494, 52.888818299008975, 0.006955380577427821, 0.0027559055118110236], [0.11451529527022465, 59.85187145078219, 0.011581364829396326, 0.00587270341207349], [0.11941021414700193, 65.96366100757344, 0.018864829396325458, 0.01253280839895013], [0.1943428120542752, 61.42276239082679, 0.012270341207349081, 0.006594488188976377], [0.15946242159424806, 61.58508255366248, 0.011975065616797901, 0.0063648293963254575], [0.14276054800076501, 52.73728474016652, 0.006102362204724409, 0.0024606299212598434], [0.16188866246805497, 55.38518207561066, 0.007316272965879265, 0.0034776902887139116], [0.07694625956110718, 57.97627394517031, 0.009678477690288715, 0.004429133858267716], [0.22484346352596013, 55.734108168446355, 0.0078083989501312335, 0.003248031496062993], [0.01773263706750813, 61.51678818633409, 0.0125, 0.006791338582677164], [0.03285782812399063, 63.985939479111266, 0.014041994750656168, 0.008333333333333335], [0.09571491698134835, 53.09425282359028, 0.00692257217847769, 0.0025918635170603674], [0.055569709396548934, 65.40719665933916, 0.016633858267716534, 0.010072178477690291], [0.09258092109436128, 61.582771378219405, 0.004068241469816273, 0.0028543307086614173], [0.1287757971725063, 60.61075029580504, 0.011909448818897638, 0.006299212598425195], [0.01224501343995475, 60.19427365217889, 0.012171916010498688, 0.006528871391076116], [0.08012403307244212, 54.5553313360075, 0.006988188976377953, 0.002985564304461942], [0.04730776123458429, 63.88537187835244, 0.014665354330708662, 0.008792650918635169], [0.038634026305465835, 61.81926787061199, 0.01305774278215223, 0.007381889763779527], [0.016079925107575912, 60.27665749627118, 0.011909448818897638, 0.00590551181102362], [0.022027900067585707, 66.63731206903071, 0.0151246719160105, 0.009481627296587927], [0.040461260950992894, 59.655512865612465, 0.010728346456692914, 0.005413385826771653], [0.01794909374105238, 58.79339539332967, 0.011253280839895014, 0.005413385826771653], [0.010154643902385038, 54.880860728357916, 0.007283464566929134, 0.0033464566929133858], [0.00017115191777751843, 59.74167090166069, 0.011548556430446194, 0.005741469816272965], [0.0018877789643402722, 59.936194703982444, 0.011614173228346457, 0.0058398950131233595], [0.04403105031482271, 56.97799084562508, 0.008891076115485565, 0.0040026246719160104], [0.0096495533311886, 59.010722662321136, 0.011384514435695539, 0.005446194225721785], [0.016904810641719534, 59.337362133549355, 0.010826771653543307, 0.005249343832020999], [0.29395369998496595, 54.63126341565204, 0.007217847769028871, 0.0030183727034120734], [0.0018859843073014125, 65.85095797116026, 0.0140748031496063, 0.009678477690288713], [0.028535814910843667, 54.8692174449501, 0.007283464566929134, 0.0030183727034120734], [0.0096495533311886, 59.010722662321136, 0.011384514435695539, 0.005446194225721785]],