{"Query": [-200.0, -32.27640195803955, -20.0, 1.0, 10.0, 44.89231780596364], "Best Metrics": [59.45004064369419, 77.5678880849155, 0.08087623798739191, 0.007058545797922569, 0.0070821529745042485, 1267.0, 599.0], "Default Metrics": [85.94285990250717, 68.82749922046533, 0.31079366612503984, 0.004084041548630784, 0.004910292728989613, 834.0, 381.0], "Metric Datapoints": [[0.31079366612503984, 68.82749922046533, 0.004084041548630784, 0.004910292728989613], [0.020169319313032633, 65.5731168540738, 0.004060434372049103, 0.0030925401322001887], [0.034412523758123155, 86.70673637705829, 0.006303116147308782, 0.007176581680830974], [0.044385429663692834, 61.02722589259184, 0.0029036827195467424, 0.002077431539187913], [0.10677830324245115, 62.92909559723887, 0.0037535410764872523, 0.0024787535410764868], [0.1268625191423935, 74.07440352397792, 0.007011331444759207, 0.008711048158640225], [0.06285251855259143, 71.74441318600682, 0.0047922568460812085, 0.004320113314447592], [0.16265407664372059, 57.79199564431012, 0.002785646836638338, 0.001605288007554296], [0.02761596890772719, 62.84019358581909, 0.0026203966005665723, 0.0019830028328611895], [0.09735646330140466, 70.99163632811995, 0.005594900849858357, 0.004933899905571294], [0.024694564774849603, 113.11172535754127, 0.008097261567516525, 0.015391879131255903], [0.10662425358853447, 60.47497672523021, 0.003517469310670444, 0.002762039660056657], [0.12583831775923981, 65.81368894772689, 0.003517469310670444, 0.0023135033050047217], [0.20671306960078534, 76.25520717445367, 0.006869688385269122, 0.007365439093484419], [0.006270380338311475, 62.66188072275848, 0.004036827195467422, 0.003493862134088763], [0.01459875889116478, 57.32610667195881, 0.002502360717658168, 0.0014164305949008501], [0.030404581786524706, 58.82753116096502, 0.0027148253068932956, 0.0015816808309726152], [0.38249759939724554, 80.23846566768086, 0.008380547686496695, 0.012606232294617565], [0.15523784422747228, 80.66674987168201, 0.007082152974504249, 0.007554296506137866], [0.2326559555620445, 94.43558758231887, 0.008168083097261568, 0.011307837582625118], [0.1569530939642233, 77.7751244292296, 0.007011331444759207, 0.00712936732766761], [0.2229369483335551, 77.9826190965637, 0.004603399433427762, 0.004461756373937677], [0.192069587862475, 77.34054148422055, 0.007011331444759207, 0.0073890462700661], [0.29001298690121097, 68.77343059101783, 0.006067044381491973, 0.006303116147308782], [0.05557040836772368, 79.15302503517286, 0.007176581680830973, 0.00767233238904627], [0.13007135167401934, 62.925849421016416, 0.004202077431539188, 0.002738432483474976], [0.13909194839505767, 78.79179477434323, 0.0069169027384324835, 0.007459867799811142], [0.08087623798739191, 77.5678880849155, 0.007058545797922569, 0.0070821529745042485], [0.031084853442760067, 67.20091373795617, 0.005453257790368272, 0.0057129367327667605], [0.057105866036635554, 76.76056831367146, 0.006586402266288952, 0.00651558073654391], [0.13170467632441998, 81.2739360983631, 0.007412653446647781, 0.008309726156751652], [0.22993688099282206, 94.92647968581741, 0.006373937677053824, 0.008711048158640227], [0.13696821548908578, 67.29840983558834, 0.005075542965061379, 0.003777148253068933], [0.10163144811034314, 77.25069140739846, 0.007034938621340888, 0.007058545797922568], [0.11296358924540416, 76.74084582702714, 0.007034938621340888, 0.007294617563739376], [0.15318710251464268, 76.14836457826044, 0.004296506137865911, 0.004131255901794146], [0.07850323634919107, 77.53533028128524, 0.006680830972615675, 0.007058545797922569], [0.026906558775987577, 73.55031195019124, 0.005311614730878187, 0.0047686496694995285], [0.07612279017139703, 80.0905027656233, 0.006987724268177526, 0.007577903682719546], [0.1576547073430762, 80.37082974921937, 0.0063267233238904624, 0.006775259678942399], [0.4310739668417639, 69.54226939499064, 0.0044853635505193576, 0.008404154863078377], [0.007072517947317102, 92.82046667239366, 0.008333333333333333, 0.012889518413597733], [0.07243966112371479, 91.65899350279707, 0.007129367327667611, 0.008899905571293673], [0.10962900999695262, 74.06901326099646, 0.005618508026440038, 0.004815864022662889], [0.1727414407776697, 67.98841563800123, 0.00483947119924457, 0.003777148253068933], [0.11583213093108481, 60.56858640344666, 0.0032577903682719546, 0.0019357884796978283], [0.09413860287251212, 88.83014873407414, 0.007884796978281398, 0.010930122757318224], [0.17514402435484402, 64.13651103468086, 0.003895184135977337, 0.0027620396600566573], [0.00614555588923855, 66.395241572839, 0.004508970727101038, 0.0034230406043437214], [0.08087623798739191, 77.5678880849155, 0.007058545797922569, 0.0070821529745042485]], "Query Datapoints": [[-200.0, -40.0, -20.0, 0.1, 1.5, 30.0], [-200.0, -50.0, -20.0, 0.55, 5.3999999999999995, 60.0], [-200.0, -35.0, -20.0, 0.325, 7.699999999999999, 45.0], [-200.0, -65.0, -20.0, 0.775, 3.0999999999999996, 75.0], [-200.0, -57.5, -20.0, 0.4375, 6.55, 37.5], [-200.0, -27.5, -20.0, 0.8875, 1.95, 67.5], [-200.0, -42.5, -20.0, 0.21250000000000002, 4.25, 52.5], [-200.0, -72.5, -20.0, 0.6625, 8.85, 82.5], [-200.0, -68.75, -20.0, 0.38125, 3.675, 71.25], [-200.0, -38.75, -20.0, 0.83125, 8.275, 41.25], [-200.0, -23.75, -20.0, 0.15625, 5.975, 86.25], [-200.0, -53.75, -20.0, 0.60625, 1.375, 56.25], [-200.0, -61.25, -20.0, 0.26875000000000004, 9.425, 63.75], [-200.0, -31.25, -20.0, 0.71875, 4.824999999999999, 33.75], [-200.0, -46.25, -20.0, 0.49375, 2.525, 78.75], [-200.0, -76.25, -20.0, 0.94375, 7.124999999999999, 48.75], [-200.0, -74.375, -20.0, 0.521875, 8.5625, 54.375], [-200.0, -22.02704631419057, -20.0, 0.9999999999999999, 1.3568067603836984, 30.0], [-200.0, -31.875569150650705, -20.0, 0.8102344809827879, 10.0, 30.0], [-200.0, -26.732240869907763, -20.0, 0.7078863842648726, 10.0, 30.0], [-200.0, -32.274839978688696, -20.0, 1.0, 10.0, 30.0], [-200.0, -44.605272844792545, -20.0, 0.1, 10.0, 90.0], [-200.0, -31.652560262977985, -20.0, 1.0, 7.980918167939636, 30.0], [-200.0, -33.12753738383927, -20.0, 1.0, 0.8, 30.0], [-200.0, -31.228137794229845, -20.0, 1.0, 10.0, 53.860400128757846], [-200.0, -52.7374146036167, -20.0, 1.0, 10.0, 30.0], [-200.0, -31.803752771751938, -20.0, 0.9999998483272222, 9.999998266301152, 89.99998251739925], [-200.0, -32.27640195803955, -20.0, 1.0, 10.0, 44.89231780596364], [-200.0, -35.27016916910141, -20.0, 1.0, 1.000730532751395, 90.0], [-200.0, -33.98071659689572, -20.0, 0.9999999999999999, 9.999999999999998, 49.866237052614665], [-200.0, -29.838294537687, -20.0, 1.0, 10.0, 42.21828565428969], [-200.0, -32.580442465376635, -20.0, 0.1, 9.999999997323076, 90.0], [-200.0, -43.995791549252296, -20.0, 1.0, 10.0, 30.0], [-200.0, -32.392556353981284, -20.0, 1.0, 9.999999999999998, 40.560340165608935], [-200.0, -31.488068010196407, -20.0, 1.0, 6.671859027126281, 48.0102001803571], [-200.0, -47.53327574772834, -20.0, 0.1, 10.0, 30.0], [-200.0, -33.068219343946, -20.0, 1.0, 10.0, 77.19768658635421], [-200.0, -41.025936380028725, -20.0, 0.384707099199295, 7.478669703472405, 61.03855038061738], [-200.0, -31.852518692178784, -20.0, 0.8694761602027735, 10.0, 46.38745764237699], [-200.0, -34.55506211308717, -20.0, 0.6568424627866701, 10.0, 90.0], [-200.0, -28.79624989730808, -20.0, 0.1, 0.8, 30.0], [-200.0, -24.281213327226787, -20.0, 1.0, 10.0, 84.38651501414776], [-200.0, -31.08801520884723, -20.0, 0.48651967829146125, 10.0, 68.53092175145576], [-200.0, -40.554013372023505, -20.0, 0.5796903373853854, 10.0, 30.0], [-200.0, -44.41401586748139, -20.0, 1.0, 10.0, 90.0], [-200.0, -65.43277103368656, -20.0, 1.0, 10.0, 30.0], [-200.0, -26.540629548447647, -20.0, 1.0, 10.0, 60.071381837311975], [-200.0, -54.75170013481885, -20.0, 1.0, 10.0, 90.0], [-200.0, -47.60843979371546, -20.0, 1.0, 10.0, 58.53824935421183], [-200.0, -32.27640195803955, -20.0, 1.0, 10.0, 44.89231780596364]], "Errors": []}