{"Query": [-200.0, -56.715797652055734, -20.0, 0.580210391026353, 5.983379932746049, 30.0], "Best Metrics": [36.24880779808243, 42.60083826652918, 0.03471559887823573, 0.009344598054275474, 0.002457757296466974, 1189.0, 461.0], "Default Metrics": [54.423243260849546, 52.489289192936866, 0.13568468478249748, 0.013108038914490527, 0.005427547363031235, 1789.0, 724.0], "Metric Datapoints": [[0.13568468478249748, 52.489289192936866, 0.013108038914490527, 0.005427547363031235], [0.10898948612587027, 47.04993706080024, 0.01062467997951869, 0.0032514080901177665], [0.11138611990058378, 56.035590299454626, 0.017818740399385562, 0.00985663082437276], [0.16490158234588717, 41.78879401866927, 0.0066820276497695855, 0.0015873015873015869], [0.015337099117283988, 42.91527207732067, 0.009190988223246288, 0.0024833589349718375], [0.07748435314595557, 56.97254309795086, 0.021121351766513058, 0.010343061955965183], [0.07460740772700435, 52.91787109308453, 0.013364055299539171, 0.005427547363031235], [0.2582735713885339, 37.75095820751216, 0.006298003072196621, 0.0013568868407578078], [0.14546493797968213, 40.1295903732351, 0.006298003072196621, 0.0013568868407578078], [0.03640935170683157, 49.605274248962445, 0.016001024065540194, 0.006041986687147977], [0.38433730414756984, 71.19785614754355, 0.025806451612903226, 0.02511520737327189], [0.04309535655358299, 43.83082353734014, 0.00878136200716846, 0.0024833589349718375], [0.21042405572191689, 41.15845237716374, 0.00837173579109063, 0.0027137736815156157], [0.05169583458765001, 55.1794287398268, 0.019687660010240655, 0.009037378392217101], [0.15092189320205532, 46.890898987804185, 0.011008704557091653, 0.003609831029185868], [0.06937288096324414, 36.35019319888197, 0.00576036866359447, 0.0010752688172043006], [0.11254226811433946, 37.111683055198185, 0.0060931899641577065, 0.0013056835637480797], [0.05232775854550324, 43.22617182936523, 0.010368663594470046, 0.004352278545826933], [0.0153617544684796, 42.09407603031695, 0.009344598054275474, 0.0025601638504864303], [0.09829111225498477, 45.61479084353587, 0.010343061955965183, 0.003046594982078852], [0.10446355306603101, 42.8823930765388, 0.007552483358934972, 0.0019457245263696877], [0.29774971008794726, 44.46817796544657, 0.01021505376344086, 0.0028929851510496665], [0.14421780967765183, 37.59124283209972, 0.004531490015360983, 0.0008704557091653862], [0.08430012973486292, 41.47064730452676, 0.006554019457245264, 0.001459293394777265], [0.10114378748220246, 36.8069982039131, 0.00486431131592422, 0.000819252432155658], [0.002206917196819585, 40.33690920317714, 0.006298003072196621, 0.0016897081413210441], [0.123112120205949, 37.99931485927653, 0.005299539170506912, 0.0009984639016897088], [0.07177820573649032, 38.18372299108324, 0.004941116231438812, 0.0009216589861751152], [0.015437598857545096, 43.309295785094974, 0.009370199692780337, 0.002560163850486432], [0.00889001228792823, 36.15236338581725, 0.005325140809011777, 0.0011008704557091652], [4.263751683555799e-05, 39.0451528667781, 0.006554019457245264, 0.001638504864311316], [0.016808276121230512, 36.332539069591554, 0.006323604710701485, 0.001280081925243216], [0.08933497962065301, 41.65349328745072, 0.008422939068100358, 0.002150537634408603], [0.060011278197257115, 49.61344869690654, 0.013133640552995391, 0.00455709165386585], [0.017880200417190097, 37.08632938571371, 0.005990783410138249, 0.0012800819252432151], [0.032016689074508914, 39.13434022480282, 0.006656426011264721, 0.0020737327188940094], [0.07083589430958905, 38.31551416027017, 0.006477214541730671, 0.0014080901177675378], [0.2535841049446371, 36.15484643194807, 0.005734767025089606, 0.0010752688172043015], [0.03562618331515767, 41.46298566175956, 0.008474142345110087, 0.002150537634408603], [0.14393329862806276, 44.46008461675375, 0.008320532514080901, 0.0025601638504864303], [0.04477524169406573, 36.259029090123455, 0.006144393241167435, 0.0011520737327188942], [0.06409392196130234, 50.70856673715205, 0.005120327700972862, 0.002969790066564261], [0.032438845476544347, 42.74279797913972, 0.008397337429595494, 0.002150537634408603], [0.03471559887823573, 42.60083826652918, 0.009344598054275474, 0.002457757296466974], [0.12695299172186172, 53.27417169094037, 0.017204301075268817, 0.007296466973886327], [0.020685169278238845, 46.765988576314925, 0.011136712749615975, 0.003609831029185868], [0.09770767590333437, 43.86766954809935, 0.008960573476702509, 0.0024321556579621102], [0.18115453896840583, 46.49339201681236, 0.011648745519713262, 0.003686635944700461], [0.08911359140832673, 37.20504064129157, 0.005197132616487455, 0.0009216589861751152], [0.03471559887823573, 42.60083826652918, 0.009344598054275474, 0.002457757296466974]],