{"Query": [-200.0, -20.0, -20.0, 1.0, 5.249882270908014, 44.7327823427715], "Best Metrics": [48.372624721828686, 83.3839837237707, 0.020221346550317695, 0.03569670113244707, 0.04089118660758247, 7109.0, 3111.0], "Default Metrics": [68.71836307609944, 70.76362388195899, 0.21510201708944132, 0.016100443131462333, 0.015214180206794686, 2779.0, 1272.0], "Metric Datapoints": [[0.21510201708944132, 70.76362388195899, 0.016100443131462333, 0.015214180206794686], [0.046943999998279806, 64.07846531621935, 0.01499261447562777, 0.009527326440177253], [0.03986279310942547, 74.23709341337607, 0.02205809945839488, 0.018931560807484], [0.1098299801703875, 60.04144779195309, 0.009945839487936977, 0.005440669620876415], [0.04518381805334278, 61.31901014193709, 0.012727720334810438, 0.007139340226489415], [0.032208821992969185, 76.189124329234, 0.024002954209748892, 0.023535204332840967], [0.005304547342614738, 69.3575860010383, 0.017823732151649434, 0.013023141309699653], [0.20115783155293893, 59.59380132953413, 0.008394879369768586, 0.004480551452486461], [0.09216951314406785, 60.134580125662765, 0.009010339734121122, 0.005169867060561301], [0.0348702790093963, 69.98833035207421, 0.019867060561299853, 0.014721811915312653], [0.3126784651539807, 88.7446316141048, 0.030920728705071395, 0.03946331856228458], [0.021346062150809787, 62.32189920385794, 0.012629246676514033, 0.008148695224027572], [0.1430019040244929, 61.79516538458538, 0.01137370753323486, 0.0066469719350073855], [0.0984629831018365, 73.16732970121564, 0.023412112259970457, 0.020088626292466768], [0.09004711759797869, 66.05756165074303, 0.014721811915312653, 0.011127523387493846], [0.014776364637760074, 59.222512123767295, 0.007557853274249138, 0.004086656819300837], [0.058405141031632524, 59.85766439988057, 0.007951747907434761, 0.004209748892171345], [0.03314603430244997, 81.10363753931237, 0.03193008370260955, 0.0344165435745938], [0.020221346550317695, 83.3839837237707, 0.03569670113244707, 0.04089118660758247], [0.045426476118678456, 87.04375936676284, 0.037124569177744954, 0.04579025110782865], [0.019590979198957116, 85.48043439731651, 0.0362875430822255, 0.04281142294436239], [0.1125997041299615, 83.05808675774789, 0.03129000492368292, 0.03818316100443131], [0.05547828555912615, 85.08535040278166, 0.03643525356967011, 0.04246676514032497], [0.005087333668898313, 85.5216142717747, 0.03606597735105859, 0.043106843919251604], [0.022365430586332023, 83.48385045175343, 0.03532742491383555, 0.040571147218119157], [0.2688184777415354, 88.5058512354813, 0.036607582471688827, 0.04608567208271787], [0.08663269727978257, 87.69926059645084, 0.03700147710487445, 0.04606105366814377], [0.01305359239772087, 89.02703605506974, 0.038503200393894634, 0.04926144756277696], [0.055958518157109796, 89.09357152763593, 0.03705071393402265, 0.04889217134416543], [0.1149899094728557, 84.29804789670519, 0.03542589857213196, 0.04106351550960118], [0.049503985606828296, 73.92377082303034, 0.020580994583948794, 0.01733136386016741], [0.2627093875860644, 84.12551244830972, 0.0258739537173806, 0.03877400295420974], [0.11890357372052583, 82.34505378715474, 0.03490891186607582, 0.03929098966026588], [0.11313857572493227, 83.19521035783359, 0.035401280157557856, 0.04032496307237813], [0.06609706527696725, 87.98469891116716, 0.03690300344657804, 0.04576563269325455], [0.009781261277018968, 84.07990720961168, 0.03581979320531758, 0.041482028557360905], [0.13444579487590602, 82.34863871372461, 0.03421959625800099, 0.03860167405219103], [0.10799828681985303, 67.40075150534179, 0.01563269325455441, 0.01058591826686361], [0.14400365709189464, 76.13866437982875, 0.02653865091088134, 0.02496307237813885], [0.0958967807257356, 83.55018269330779, 0.035770556376169375, 0.041112752338749385], [0.08987314506169683, 79.14195475983217, 0.029246676514032496, 0.02909896602658789], [0.04782986997603456, 76.10932214147775, 0.02552929591334318, 0.023338257016248157], [0.07844829191659228, 71.89485185097932, 0.022353520433284098, 0.017503692762186114], [0.24987574850038277, 86.81170818222516, 0.03562284588872477, 0.044091580502215656], [0.040891799685965284, 82.69958121930023, 0.0344165435745938, 0.03938946331856229], [0.2247091070280138, 70.57038830281375, 0.019547021171836532, 0.014697193500738556], [0.06547010206296046, 85.82573686225552, 0.036509108813392414, 0.04399310684391925], [0.3185763299709143, 80.01013159686575, 0.025455440669620875, 0.02656326932545544], [0.017845904290723327, 78.56823673859216, 0.028286558345642542, 0.027498769079271294], [0.020221346550317695, 83.3839837237707, 0.03569670113244707, 0.04089118660758247]], "Query Datapoints": [[-200.0, -40.0, -20.0, 0.1, 1.5, 30.0], [-200.0, -50.0, -20.0, 0.55, 5.3999999999999995, 60.0], [-200.0, -35.0, -20.0, 0.325, 7.699999999999999, 45.0], [-200.0, -65.0, -20.0, 0.775, 3.0999999999999996, 75.0], [-200.0, -57.5, -20.0, 0.4375, 6.55, 37.5], [-200.0, -27.5, -20.0, 0.8875, 1.95, 67.5], [-200.0, -42.5, -20.0, 0.21250000000000002, 4.25, 52.5], [-200.0, -72.5, -20.0, 0.6625, 8.85, 82.5], [-200.0, -68.75, -20.0, 0.38125, 3.675, 71.25], [-200.0, -38.75, -20.0, 0.83125, 8.275, 41.25], [-200.0, -23.75, -20.0, 0.15625, 5.975, 86.25], [-200.0, -53.75, -20.0, 0.60625, 1.375, 56.25], [-200.0, -61.25, -20.0, 0.26875000000000004, 9.425, 63.75], [-200.0, -31.25, -20.0, 0.71875, 4.824999999999999, 33.75], [-200.0, -46.25, -20.0, 0.49375, 2.525, 78.75], [-200.0, -76.25, -20.0, 0.94375, 7.124999999999999, 48.75], [-200.0, -74.375, -20.0, 0.521875, 8.5625, 54.375], [-200.0, -21.940920649078123, -20.0, 1.0, 4.678066815294001, 43.55321967516455], [-200.0, -20.0, -20.0, 1.0, 5.249882270908014, 44.7327823427715], [-200.0, -20.0, -20.0, 1.0, 9.334484120753027, 30.0], [-200.0, -20.0, -20.0, 1.0, 6.714887227508133, 47.972559502634795], [-200.0, -20.0, -20.0, 1.0, 0.8, 40.96648728976501], [-200.0, -20.0, -20.0, 1.0, 6.290833472964972, 34.17569894213651], [-200.0, -20.0, -20.0, 0.6530999975601173, 5.480519226802283, 43.79900135957329], [-200.0, -20.0, -20.0, 1.0, 5.022278159312968, 53.73753784882064], [-200.0, -20.0, -20.0, 1.0, 10.0, 89.9999999999955], [-200.0, -20.0, -20.0, 1.0, 10.0, 55.13233135112981], [-200.0, -20.0, -20.0, 0.5990499011170791, 10.0, 30.0], [-200.0, -20.0, -20.0, 0.5847749622211472, 8.58167279465839, 42.695811516890274], [-200.0, -20.0, -20.0, 0.3894599524904544, 3.146473432403744, 30.0], [-200.0, -37.36235595475402, -20.0, 0.1, 10.0, 30.0], [-200.0, -20.0, -20.0, 0.1, 0.9372915155323727, 30.0], [-200.0, -20.0, -20.0, 1.0, 3.3765971881984873, 30.0], [-200.0, -20.0, -20.0, 0.6595470595380114, 3.748214244158919, 30.0], [-200.0, -20.0, -20.0, 0.38506039302860806, 4.796306493660062, 30.0], [-200.0, -20.0, -20.0, 1.0, 5.6837360776088515, 45.31032451379616], [-200.0, -20.0, -20.0, 1.0, 2.448547057063853, 30.0], [-200.0, -48.84753217920661, -20.0, 0.10854431260377169, 4.643144460115582, 62.62348562479019], [-200.0, -26.43848460115813, -20.0, 0.6809754719929895, 3.0491271267860105, 30.0], [-200.0, -20.0, -20.0, 1.0, 5.157395645733111, 30.0], [-200.0, -25.065552907631655, -20.0, 1.0, 7.202548391252562, 30.0], [-200.0, -28.587085751617366, -20.0, 1.0, 6.550619274304052, 40.31683272209768], [-200.0, -34.75424884538379, -20.0, 1.0, 10.0, 30.0], [-200.0, -20.006087658578117, -20.0, 1.0, 7.7580883755972385, 89.99352722504509], [-200.0, -20.0, -20.0, 0.761273614062351, 3.369829267125758, 46.55564162019465], [-200.0, -39.10673460743016, -20.0, 0.9999102028024576, 9.999846423005238, 89.99444727110613], [-200.0, -20.0, -20.0, 1.0, 7.6474864483534875, 30.0], [-200.0, -29.457393359353617, -20.0, 0.1, 10.0, 90.0], [-200.0, -25.908357410249998, -20.0, 0.9998591972167007, 7.422681541761139, 50.8572728444213], [-200.0, -20.0, -20.0, 1.0, 5.249882270908014, 44.7327823427715]], "Errors": []}