{"Query": [-200.0, -51.55218811278356, -20.0, 0.9999304265486963, 10.0, 47.579661844677325], "Best Metrics": [45.55947301423437, 63.49791580509629, 0.011223271280238636, 0.014918759231905466, 0.008838010832102413, 2161.0, 965.0], "Default Metrics": [68.71836307609944, 70.76362388195899, 0.21510201708944132, 0.016100443131462333, 0.015214180206794686, 2779.0, 1272.0], "Metric Datapoints": [[0.21510201708944132, 70.76362388195899, 0.016100443131462333, 0.015214180206794686], [0.046943999998279806, 64.07846531621935, 0.01499261447562777, 0.009527326440177253], [0.03986279310942547, 74.23709341337607, 0.02205809945839488, 0.018931560807484], [0.1098299801703875, 60.04144779195309, 0.009945839487936977, 0.005440669620876415], [0.04518381805334278, 61.31901014193709, 0.012727720334810438, 0.007139340226489415], [0.032208821992969185, 76.189124329234, 0.024002954209748892, 0.023535204332840967], [0.005304547342614738, 69.3575860010383, 0.017823732151649434, 0.013023141309699653], [0.20115783155293893, 59.59380132953413, 0.008394879369768586, 0.004480551452486461], [0.09216951314406785, 60.134580125662765, 0.009010339734121122, 0.005169867060561301], [0.0348702790093963, 69.98833035207421, 0.019867060561299853, 0.014721811915312653], [0.3126784651539807, 88.7446316141048, 0.030920728705071395, 0.03946331856228458], [0.021346062150809787, 62.32189920385794, 0.012629246676514033, 0.008148695224027572], [0.1430019040244929, 61.79516538458538, 0.01137370753323486, 0.0066469719350073855], [0.0984629831018365, 73.16732970121564, 0.023412112259970457, 0.020088626292466768], [0.09004711759797869, 66.05756165074303, 0.014721811915312653, 0.011127523387493846], [0.014776364637760074, 59.222512123767295, 0.007557853274249138, 0.004086656819300837], [0.058405141031632524, 59.85766439988057, 0.007951747907434761, 0.004209748892171345], [0.0773920988556615, 65.17002937052716, 0.01634662727720335, 0.010364352535696699], [0.03541977986270103, 65.0348306270887, 0.016322008862629248, 0.010315115706548496], [0.0673729301213192, 61.30135249031539, 0.009231905465288036, 0.005465288035450516], [0.044964390334730334, 64.63010934364452, 0.015903495814869523, 0.009921221073362876], [0.040219611503725224, 68.46513349626393, 0.01516494337764648, 0.01120137863121615], [0.05443254216501805, 61.1591890094033, 0.011693746922698178, 0.006597735105859185], [0.17197771299320028, 64.25517417424939, 0.004899064500246184, 0.004505169867060561], [0.04087531954137036, 67.5510106526806, 0.01772525849335303, 0.01176760216642048], [0.06588884766018849, 60.60747623608402, 0.010265878877400296, 0.00568685376661743], [0.13684059331921222, 64.4723406585609, 0.013909404234367307, 0.00950270802560315], [0.026146165892563248, 63.96518320516865, 0.015214180206794683, 0.009182668636139833], [0.0390840248429405, 60.2932256656536, 0.010955194485475135, 0.0058345642540620374], [0.12519922069161424, 65.95297010111449, 0.014524864598719843, 0.009625800098473657], [0.0060177207905330165, 65.1804069876226, 0.015780403741999016, 0.010044313146233382], [0.02223109992310168, 63.26505946732202, 0.015140324963072379, 0.009281142294436238], [0.08572733382040627, 62.74662181654745, 0.01361398325947809, 0.007754800590841949], [0.0006855919976567451, 62.53688485809127, 0.013441654357459379, 0.007828655834564255], [0.004261560130767508, 67.21638002318535, 0.017552929591334317, 0.012432299359921222], [0.11499480083706, 66.78473657448585, 0.017183653372722797, 0.01157065484982767], [0.005279152874754168, 66.89371787488558, 0.0034711964549483014, 0.005268340718857705], [0.12800692169661157, 71.44245970114433, 0.01999015263417036, 0.01565731166912851], [0.011223271280238636, 63.49791580509629, 0.014918759231905466, 0.008838010832102413], [0.2263644467428742, 64.99349160800841, 0.0155096011816839, 0.009822747415066469], [0.09877266232002281, 62.35397526014808, 0.013515509601181684, 0.007705563761693747], [0.14231889753403304, 59.55405165464113, 0.00896110290497292, 0.004899064500246185], [0.03399326375331483, 63.2761453924882, 0.014401772525849335, 0.008739537173806008], [0.06827325273682984, 60.17711104081813, 0.006745445593303792, 0.0038158542589857214], [0.08725566196333766, 59.45854070261529, 0.010118168389955686, 0.005194485475135402], [0.28036755065363367, 71.99491509820321, 0.014623338257016248, 0.01841457410142787], [0.04808332145971473, 66.47042332374785, 0.013909404234367307, 0.010044313146233382], [0.10867156197887175, 66.57330027788772, 0.016469719350073856, 0.010955194485475134], [0.058393761110072225, 82.80695208821845, 0.03133924175283112, 0.03392417528311177], [0.011223271280238636, 63.49791580509629, 0.014918759231905466, 0.008838010832102413]],