{"Query": [-200.0, -41.54426603858638, -20.0, 1.0, 5.710848927450024, 41.37081213441931], "Best Metrics": [42.64295414433571, 59.805388876625194, 0.007067455610646671, 0.02077259475218659, 0.010932944606413995, 2822.0, 1305.0], "Default Metrics": [58.66163227567636, 63.37193646234386, 0.15923129042042422, 0.018756073858114675, 0.012998056365403306, 2786.0, 1307.0], "Metric Datapoints": [[0.15923129042042422, 63.37193646234386, 0.018756073858114675, 0.012998056365403306], [0.10064568934884845, 58.534565418626904, 0.015500485908649175, 0.00770165208940719], [0.12014058826204715, 67.00966792736858, 0.024951409135082606, 0.021064139941690964], [0.15357084241690797, 52.3144147066965, 0.00935374149659864, 0.00391156462585034], [0.01728491879182504, 58.47679364342502, 0.0119533527696793, 0.006389698736637514], [0.055253754998216956, 66.93194708714849, 0.03066083576287658, 0.023032069970845483], [0.082937144871969, 63.33622482194129, 0.01987366375121477, 0.012050534499514091], [0.2701747369840276, 53.27840859295365, 0.0077016520894071915, 0.0031341107871720123], [0.14343292149594775, 54.57833424115233, 0.008357628765792031, 0.003474246841593781], [0.024120514859883396, 62.609536516822985, 0.022910592808551993, 0.014237123420796891], [0.39663985883844416, 79.69970170751536, 0.037973760932944606, 0.0456511175898931], [0.018839772490508326, 55.39245169466314, 0.012633624878522837, 0.005709426627793977], [0.2313045550760204, 56.59137813020819, 0.01044703595724004, 0.00641399416909621], [0.06860501709798841, 66.60264310393663, 0.029421768707482993, 0.01967930029154519], [0.13634240960385127, 58.486029710635144, 0.016034985422740525, 0.008989310009718175], [0.06961898029413195, 50.00703715908722, 0.006778425655976676, 0.00240524781341108], [0.13273397689400102, 50.09978635196777, 0.007094266277939748, 0.0030612244897959186], [0.01627268163012402, 58.07709625401312, 0.012439261418853256, 0.006632653061224488], [0.12470363856795162, 55.508593185741915, 0.01226919339164237, 0.0055636540330417875], [0.2221815984715802, 56.442754490756855, 0.011078717201166181, 0.007191448007774539], [0.1990761447266892, 52.101809692989015, 0.007993197278911564, 0.003547133138969873], [0.2946927147033485, 59.87760741496848, 0.01763848396501458, 0.009718172983479104], [0.10709361317027202, 51.287876407289396, 0.00857628765792031, 0.0033527696793002916], [0.17162910196030473, 56.33331087407907, 0.014188532555879495, 0.007847424684159377], [0.3006263536049276, 59.543974290187435, 0.012487852283770652, 0.006462585034013606], [0.016007126964554648, 54.97835236715324, 0.011151603498542275, 0.004931972789115646], [0.15148192243541733, 62.2927588024915, 0.025267249757045675, 0.016618075801749274], [0.02213965176235154, 58.08451453219396, 0.01649659863945578, 0.008138969873663752], [0.01290773804995694, 55.7449757755264, 0.0141399416909621, 0.006729834791059281], [0.004180754035738706, 61.3989240673905, 0.008236151603498542, 0.00947521865889213], [0.030188370871915518, 51.28391011683714, 0.007677356656948494, 0.003012633624878523], [0.0031278741200353407, 57.81913993826934, 0.017905733722060252, 0.009207968901846452], [0.03619679241314478, 56.37937071316481, 0.013751214771622935, 0.007725947521865889], [0.09983086722854742, 59.574166740286, 0.01802721088435374, 0.01054421768707483], [0.021925839356406407, 58.258041834188255, 0.016156462585034014, 0.008138969873663752], [0.007067455610646671, 59.805388876625194, 0.02077259475218659, 0.010932944606413995], [0.042466872924729254, 46.58449116196009, 0.005344995140913508, 0.0017492711370262395], [0.09468451254224584, 60.159091910404825, 0.020796890184645287, 0.011200194363459672], [0.04464970009543272, 59.40689989914236, 0.018950437317784258, 0.010349854227405246], [0.018020076208712866, 60.089057804155786, 0.021015549076773568, 0.011078717201166176], [0.10281018447651126, 55.82793657371082, 0.015767735665694848, 0.007701652089407193], [0.01754315833892911, 56.293643492705755, 0.014771622934888241, 0.007069970845481048], [0.012406312338340698, 47.87831713149649, 0.006000971817298348, 0.0020651117589893103], [0.011440930929115052, 50.27492269935027, 0.00522351797862002, 0.0026482021379980554], [0.05729959019073097, 48.70795705941174, 0.005806608357628766, 0.0017492711370262395], [0.05045796309436944, 49.928811542758154, 0.007264334305150632, 0.002478134110787172], [0.010155255481685839, 52.72746288075882, 0.008527696793002915, 0.003790087463556852], [0.009046102213507644, 59.47672166994797, 0.02052964042759961, 0.010787172011661808], [0.012887631267544582, 55.94938645531549, 0.010835762876579204, 0.004713313896987365], [0.007067455610646671, 59.805388876625194, 0.02077259475218659, 0.010932944606413995]],