{"Query": [-200.0, -37.600623450039016, -20.0, 0.6554596761995609, 7.132661531036112, 30.0], "Best Metrics": [38.840948251867985, 42.94214849735742, 0.04911637917704436, 0.02029320987654321, 0.005401234567901234, 2849.0, 1332.0], "Default Metrics": [61.885927963182155, 43.227391458588464, 0.17714404423990085, 0.016242283950617283, 0.005613425925925928, 2380.0, 1133.0], "Metric Datapoints": [[0.17714404423990085, 43.227391458588464, 0.016242283950617283, 0.005613425925925928], [0.0807216842783863, 37.56452188094643, 0.014544753086419754, 0.002816358024691358], [0.09941678633015189, 48.36694370280328, 0.021373456790123455, 0.008680555555555556], [0.1389568362576475, 33.38890934114841, 0.009027777777777777, 0.0014660493827160503], [0.002646274298334856, 34.760412938492664, 0.012229938271604937, 0.0019868827160493836], [0.04594029291275352, 50.611201612530756, 0.022858796296296297, 0.010165895061728391], [0.056148835813863034, 42.41189416320698, 0.018016975308641974, 0.0045717592592592615], [0.24497836954670182, 32.74316313149609, 0.007619598765432099, 0.0008873456790123449], [0.1246653649145207, 32.28510146802278, 0.008236882716049382, 0.0011188271604938276], [0.010631116700650346, 42.072579044211906, 0.019540895061728396, 0.005073302469135801], [0.39968475683944144, 71.89347789382951, 0.02797067901234568, 0.02629243827160494], [0.0021831848481632223, 36.11635897345265, 0.012075617283950617, 0.0025270061728395066], [0.20745496340232025, 33.24390829484604, 0.01087962962962963, 0.002276234567901235], [0.07020701575493134, 48.321320376293954, 0.023013117283950616, 0.007889660493827163], [0.11556818998478519, 39.714702556015496, 0.014390432098765431, 0.0037615740740740734], [0.05259848242155031, 31.535404791174184, 0.006905864197530864, 0.000752314814814815], [0.10784712384821435, 31.672562188999265, 0.007253086419753086, 0.0009066358024691365], [0.013222522250940985, 39.66388028585185, 0.014602623456790123, 0.0035300925925925934], [0.029269925597526954, 41.40561812968248, 0.01832561728395062, 0.005208333333333332], [0.09548464880806828, 44.048169435782455, 0.0189429012345679, 0.006500771604938272], [0.0434368073853763, 40.22764657295383, 0.01572145061728395, 0.005420524691358026], [0.03022161962408813, 43.83341972141189, 0.02065972222222222, 0.0057870370370370385], [0.13635109355676395, 40.419121940695334, 0.014814814814814815, 0.004224537037037037], [0.03406351639727229, 64.14543949252693, 0.03219521604938272, 0.021257716049382716], [0.10387868967512581, 39.158944763029275, 0.013599537037037037, 0.003221450617283952], [0.06037066383180244, 40.878416874896246, 0.018306327160493827, 0.004456018518518519], [0.04005636571202701, 37.240215368920836, 0.01548996913580247, 0.0029706790123456804], [0.028324347384755515, 40.79476195585486, 0.01888503086419753, 0.00472608024691358], [0.04024304490416526, 46.97913202335009, 0.022337962962962962, 0.007214506172839506], [0.06312181969090239, 46.696407494987966, 0.022222222222222223, 0.006983024691358024], [0.04739353558600274, 40.97972146300152, 0.019135802469135803, 0.004783950617283948], [0.011773862088204367, 42.468196528772154, 0.018865740740740742, 0.004957561728395062], [0.025000482699728446, 45.427238617560846, 0.021238425925925924, 0.006597222222222223], [0.08229801574893332, 36.54179745698072, 0.014197530864197531, 0.0025462962962962948], [0.041124155923720054, 41.88674566757331, 0.014988425925925926, 0.0056134259259259245], [0.003514621142574883, 39.47072115533555, 0.016473765432098764, 0.003587962962962963], [0.2726486870460071, 43.045935156480674, 0.019733796296296298, 0.0052662037037037035], [0.2000813271454964, 33.970229576036424, 0.011940586419753086, 0.0017746913580246916], [0.04911637917704436, 42.94214849735742, 0.02029320987654321, 0.005401234567901234], [0.07317968318320894, 41.47383445208617, 0.01898148148148148, 0.004861111111111111], [0.33119253889826344, 41.69495324604644, 0.015123456790123457, 0.004436728395061727], [0.0994359955705404, 44.699147971761285, 0.020852623456790124, 0.005960648148148149], [0.1313977991714594, 41.50423517411282, 0.013715277777777778, 0.0043016975308641965], [0.21877576607203275, 39.44920543716551, 0.016300154320987654, 0.0036072530864197545], [0.04542745672554504, 36.07238069477533, 0.014197530864197531, 0.0025270061728395066], [0.08408350220981972, 56.203554877512694, 0.028433641975308642, 0.013503086419753084], [0.049904581251055624, 41.2574801295261, 0.018383487654320987, 0.0044753086419753105], [0.14070896686219858, 38.196827839535636, 0.014197530864197531, 0.0034336419753086423], [0.2983843946430529, 41.1219205565652, 0.01730324074074074, 0.004340277777777776], [0.04911637917704436, 42.94214849735742, 0.02029320987654321, 0.005401234567901234]],