{"Query": [-200.0, -55.44001604334734, -20.0, 0.6778920800817393, 5.085790117477732, 45.10882544064427], "Best Metrics": [45.08762240963409, 35.184439269009424, 0.00011779461672318803, 0.012789351851851852, 0.0021026234567901227, 1623.0, 772.0], "Default Metrics": [61.885927963182155, 43.227391458588464, 0.17714404423990085, 0.016242283950617283, 0.005613425925925928, 2380.0, 1133.0], "Metric Datapoints": [[0.17714404423990085, 43.227391458588464, 0.016242283950617283, 0.005613425925925928], [0.0807216842783863, 37.56452188094643, 0.014544753086419754, 0.002816358024691358], [0.09941678633015189, 48.36694370280328, 0.021373456790123455, 0.008680555555555556], [0.1389568362576475, 33.38890934114841, 0.009027777777777777, 0.0014660493827160503], [0.002646274298334856, 34.760412938492664, 0.012229938271604937, 0.0019868827160493836], [0.04594029291275352, 50.611201612530756, 0.022858796296296297, 0.010165895061728391], [0.056148835813863034, 42.41189416320698, 0.018016975308641974, 0.0045717592592592615], [0.24497836954670182, 32.74316313149609, 0.007619598765432099, 0.0008873456790123449], [0.1246653649145207, 32.28510146802278, 0.008236882716049382, 0.0011188271604938276], [0.010631116700650346, 42.072579044211906, 0.019540895061728396, 0.005073302469135801], [0.39968475683944144, 71.89347789382951, 0.02797067901234568, 0.02629243827160494], [0.0021831848481632223, 36.11635897345265, 0.012075617283950617, 0.0025270061728395066], [0.20745496340232025, 33.24390829484604, 0.01087962962962963, 0.002276234567901235], [0.07020701575493134, 48.321320376293954, 0.023013117283950616, 0.007889660493827163], [0.11556818998478519, 39.714702556015496, 0.014390432098765431, 0.0037615740740740734], [0.05259848242155031, 31.535404791174184, 0.006905864197530864, 0.000752314814814815], [0.10784712384821435, 31.672562188999265, 0.007253086419753086, 0.0009066358024691365], [0.0382912749540727, 38.80777776890919, 0.01394675925925926, 0.004610339506172838], [0.1211626646448137, 33.528897488358, 0.008834876543209877, 0.0014660493827160486], [0.039497497188818856, 36.79702373953675, 0.015142746913580247, 0.0028742283950617276], [0.04130180821900914, 34.00837346683046, 0.012056327160493827, 0.0018904320987654325], [0.03241897173405318, 37.142527696667685, 0.014988425925925926, 0.002951388888888889], [0.14453993225179892, 39.47070054879014, 0.015335648148148149, 0.004031635802469137], [0.24371705575928024, 36.33867423157191, 0.013329475308641975, 0.002411265432098764], [0.033751718809727015, 39.8185752325645, 0.015007716049382716, 0.004205246913580247], [0.1574439468048372, 38.206729274645475, 0.012615740740740742, 0.0033371913580246913], [0.08943293084241621, 38.08007765473176, 0.01547067901234568, 0.003182870370370369], [0.22905767207820912, 36.19387008871958, 0.008352623456790123, 0.0030864197530864196], [0.1222416638932986, 33.42484645434646, 0.005420524691358025, 0.0007908950617283948], [0.05529568699492378, 34.06965632666967, 0.011882716049382716, 0.0017939814814814815], [0.07565555717257695, 40.81374913897216, 0.01751543209876543, 0.004629629629629629], [0.02557233279617886, 35.30475880214716, 0.013252314814814814, 0.002295524691358025], [0.012229345615102203, 34.96869383236448, 0.012615740740740742, 0.0022762345679012332], [0.10119917696071268, 40.058844190499585, 0.014911265432098765, 0.003858024691358026], [0.0008767931933805626, 32.27645936648126, 0.009567901234567902, 0.0015432098765432098], [0.0610948742369777, 33.80362039016504, 0.011439043209876543, 0.002064043209876543], [0.2379848312207052, 38.81539107629529, 0.013734567901234567, 0.0029513888888888905], [0.14935003086234902, 52.69961115805861, 0.02476851851851852, 0.012094907407407405], [0.20920480350203602, 40.26696832741222, 0.015123456790123457, 0.004243827160493829], [0.056909968030815286, 30.960645760856732, 0.008352623456790123, 0.0008873456790123458], [0.07348397627695455, 37.282080856205525, 0.008564814814814815, 0.004861111111111111], [0.031064646846586108, 32.66557433768742, 0.009047067901234569, 0.0010802469135802462], [0.07775253126749698, 35.650690274350985, 0.0125, 0.002083333333333333], [0.08560288167337676, 41.652190992565714, 0.01863425925925926, 0.004610339506172838], [0.0034652053106254657, 33.60190484667862, 0.01086033950617284, 0.0015817901234567895], [0.00011779461672318803, 35.184439269009424, 0.012789351851851852, 0.0021026234567901227], [0.003933553790676491, 38.585264144285546, 0.005516975308641975, 0.0012345679012345677], [0.2472077263223843, 35.24598473513567, 0.011554783950617284, 0.0018711419753086427], [0.0021001970174148077, 39.532179789041, 0.016435185185185185, 0.0034722222222222238], [0.00011779461672318803, 35.184439269009424, 0.012789351851851852, 0.0021026234567901227]],