{"Query": [-200.0, -20.00030310399299, -20.0, 0.8105291767991696, 5.486618114251333, 30.753357881560355], "Best Metrics": [46.96097921291844, 72.94219298342529, 0.09004234072976713, 0.03527077497665733, 0.027894491129785245, 6022.0, 2706.0], "Default Metrics": [58.360071966257394, 59.25641811127164, 0.15755595536809663, 0.012021475256769375, 0.0074463118580765635, 1753.0, 834.0], "Metric Datapoints": [[0.15755595536809663, 59.25641811127164, 0.012021475256769375, 0.0074463118580765635], [0.10268458662205665, 49.842123572407075, 0.00973389355742297, 0.0036414565826330524], [0.1299514908513333, 65.65772432584016, 0.01746031746031746, 0.013702147525676937], [0.17914024569895334, 44.265908378857524, 0.005742296918767507, 0.0015873015873015869], [0.025561551819704122, 46.915195325160134, 0.007936507936507936, 0.002684407096171803], [0.05282681798452609, 62.887541957638355, 0.02096171802054155, 0.013562091503267978], [0.08782117877910814, 57.29735825144824, 0.013468720821661999, 0.006652661064425771], [0.2635212744794211, 43.032596557645, 0.004831932773109244, 0.0013071895424836598], [0.1558951200254334, 43.657804225905785, 0.0050186741363211955, 0.0013305322128851537], [0.03145207792666152, 55.96205403159881, 0.015943043884220354, 0.007516339869281047], [0.42899368613355393, 81.34424449654357, 0.02612044817927171, 0.03408029878618114], [0.03137772762804328, 49.58713354775666, 0.007866479925303455, 0.0027777777777777783], [0.2312747824757416, 47.424946190779636, 0.006862745098039216, 0.0030812324929971983], [0.06289664280422598, 61.80770369462614, 0.02030812324929972, 0.01129785247432306], [0.15194520329869354, 53.83838023750629, 0.01015406162464986, 0.0047385620915032685], [0.07476350555515367, 40.42140700589111, 0.004341736694677871, 0.000980392156862745], [0.12163008699869056, 42.56178660795852, 0.004621848739495798, 0.0012138188608776844], [0.15925784186780872, 60.12125452849026, 0.018394024276377218, 0.010901027077497665], [0.09276676522035197, 65.16307444318508, 0.02079831932773109, 0.013468720821662002], [0.05442833878335781, 72.46704271561472, 0.03207282913165266, 0.025443510737628384], [0.07870992094633236, 69.8028884652764, 0.03015873015873016, 0.021872082166199815], [0.02543401968684166, 76.81920129962612, 0.03599439775910364, 0.032166199813258634], [0.07010875589764684, 66.36995521324724, 0.025513538748832866, 0.01659663865546219], [0.06517753886973264, 51.03271119968606, 0.01223155929038282, 0.004645191409897291], [0.12249429551371366, 72.8558337511705, 0.03361344537815126, 0.027030812324929973], [0.07199808264659124, 69.03417498544056, 0.028221288515406163, 0.020098039215686276], [0.19395994549049916, 66.44239249069189, 0.0276844070961718, 0.020845004668534083], [0.005175541223211155, 78.83187312647232, 0.035854341736694675, 0.03380018674136322], [0.21762459966580638, 72.62331699222814, 0.029178338001867414, 0.023132586367880487], [0.09004234072976713, 72.94219298342529, 0.03527077497665733, 0.027894491129785245], [0.016871907871815417, 73.3747084565827, 0.03466386554621849, 0.02773109243697479], [0.15655313326017775, 51.54599568708426, 0.005975723622782446, 0.0023109243697478996], [0.040854825708210245, 73.69014804669044, 0.03545751633986928, 0.02852474323062558], [0.04972234765643131, 62.16491047528586, 0.02012138188608777, 0.011764705882352938], [0.22059142879399088, 75.38022368195338, 0.03398692810457516, 0.028804855275443512], [0.16265717814278516, 75.78610129569797, 0.03515406162464986, 0.029971988795518212], [0.2929458071375158, 56.42840578893247, 0.015592903828197946, 0.007352941176470586], [0.04383976938196569, 56.179149459200076, 0.016153127917833802, 0.007563025210084031], [0.2158023848805955, 64.81828465462846, 0.023109243697478993, 0.01757703081232493], [0.02659930641435832, 71.22484497617927, 0.03137254901960784, 0.025023342670401495], [0.0020631565779380325, 73.71844239031812, 0.034757236227824465, 0.028127917833800184], [0.13478977870647427, 76.92520908405696, 0.035060690943043885, 0.030555555555555558], [0.17214626772220135, 58.371276724192484, 0.01638655462184874, 0.009383753501400558], [0.07367697340608016, 73.28043037361043, 0.03478057889822596, 0.0276844070961718], [0.09474234542807222, 69.29725130506034, 0.02700746965452848, 0.024159663865546216], [0.11385143577559692, 67.24466589293105, 0.026213818860877685, 0.02362278244631186], [0.07783920878867186, 69.01446462696929, 0.029411764705882353, 0.021101774042950515], [0.041169479029151884, 62.72750004420469, 0.021148459383753503, 0.012745098039215683], [0.10375196809822365, 66.58631824150319, 0.024089635854341738, 0.016246498599439777], [0.09004234072976713, 72.94219298342529, 0.03527077497665733, 0.027894491129785245]],