{"Query": [-200.0, -41.32513686812928, -20.0, 0.8676633735353814, 4.839927724362977, 48.4060179862208], "Best Metrics": [48.57205605789983, 53.87314142731681, 0.000922433731550143, 0.01716093317516805, 0.007018584420719651, 2610.0, 1223.0], "Default Metrics": [61.252371062839295, 57.09697681760324, 0.17362428368244054, 0.015836298932384342, 0.008224594701463028, 2579.0, 1217.0], "Metric Datapoints": [[0.17362428368244054, 57.09697681760324, 0.015836298932384342, 0.008224594701463028], [0.06273929259755787, 54.17474246137654, 0.013898774219058916, 0.005713720838275999], [0.057226174459404554, 65.41625981838294, 0.0213918544879399, 0.013127718465796759], [0.11843190778302003, 52.4552326790545, 0.009549228944246738, 0.0038355081059707388], [0.034808359489781455, 54.34210859698301, 0.012554369315935152, 0.004903123764333727], [0.04526266438219303, 60.31012241249199, 0.02376433372874654, 0.013819691577698696], [0.027286824719342167, 58.85837901016957, 0.01674574930802689, 0.008105970739422694], [0.20330259741434856, 52.076945225586265, 0.008659549228944246, 0.0029655990510083045], [0.09693808966671362, 51.94612599409357, 0.008659549228944246, 0.003459865559509688], [0.0137731633260765, 56.738736941475395, 0.019098457888493476, 0.008461842625543694], [0.3400227120785689, 82.03544717156514, 0.02965599051008304, 0.03096085409252669], [0.003600311120649972, 52.17196218554578, 0.01188216686437327, 0.004903123764333727], [0.16398079583490083, 54.95421712766888, 0.011526294978252274, 0.005001977066034006], [0.08520954055194857, 59.1827823402426, 0.02257809410834322, 0.01130881771451166], [0.12287897150861293, 55.22965068147214, 0.014155792803479636, 0.00630684064847766], [0.01934867887710041, 48.19957493542449, 0.007848952155001978, 0.0023724792408066422], [0.058487643431131844, 51.62000510719213, 0.008422301304863582, 0.002827204428627916], [0.19928720862411842, 52.55413113252932, 0.011644918940292607, 0.005733491498616053], [0.06698008346399689, 54.776019143382115, 0.014630288651640965, 0.00583234480031633], [0.06483505385243143, 52.305011719418665, 0.010102807433768287, 0.0034203242388295783], [0.050572748975349, 56.231641394177046, 0.016152629497825227, 0.006880189798339265], [0.13954466399187188, 49.68485719677119, 0.006623171213918545, 0.0023329379201265325], [0.059078252210805635, 54.23501267662407, 0.012910241202056149, 0.004883353103993675], [0.07117921418339475, 50.65120517434552, 0.008896797153024912, 0.0027678924476077487], [0.0024626694597481937, 54.22333517819952, 0.01132858837485172, 0.0042902332937920125], [0.042253494034263483, 51.940672684174366, 0.008145512060102807, 0.003262158956109134], [0.060885998836348265, 55.01209307191292, 0.014729141953341242, 0.005812574139976276], [0.050564313345576886, 51.38081417021162, 0.009213127718465797, 0.0031237643337287454], [0.1492744660914517, 56.506262673755174, 0.01947410043495453, 0.009687623566627123], [0.07323884526374477, 53.30585117429026, 0.0073349149861605374, 0.0027678924476077496], [0.02852698984774808, 53.73985505734023, 0.016587584025306447, 0.006820877817319097], [0.25232599837418046, 56.251916286475954, 0.015836298932384342, 0.00689996045867932], [0.03952985418949508, 53.11641404596024, 0.014432582048240411, 0.006168446026097271], [0.04892074783359806, 55.99614870768149, 0.01431395808620008, 0.005891656781336494], [0.0715003970559092, 55.03179778777401, 0.008916567813364966, 0.003598260181890075], [0.12369123198961604, 53.667703062872256, 0.0132858837485172, 0.005911427441676552], [0.07051823827705452, 50.382172554355606, 0.00830367734282325, 0.0025504151838671423], [0.030693099051889307, 49.47991422910175, 0.007196520363780151, 0.002491103202846974], [0.029021115344605913, 54.54968508093754, 0.01698299723210755, 0.006840648477659153], [0.14338003921895748, 50.495117738164744, 0.007275603005140372, 0.0027678924476077496], [0.07093497133242381, 52.944487003876006, 0.009826018189007513, 0.0035587188612099634], [0.000922433731550143, 53.87314142731681, 0.01716093317516805, 0.007018584420719651], [0.0027244530951346887, 55.06632464673306, 0.018129695531830765, 0.0076710162119414775], [0.016756176227881052, 54.830463797130236, 0.014867536575721629, 0.005990510083036775], [0.0051783118305589685, 53.98697887417768, 0.016172400158165283, 0.006840648477659153], [0.09995145970027595, 51.66441126202688, 0.008837485172004745, 0.005871886120996442], [0.08468549312270372, 53.889594780242, 0.01575721629102412, 0.0063068406484776615], [0.04011550728439863, 51.31902941252854, 0.012455516014234875, 0.0044681692368525126], [0.05169697880796799, 54.05543827754559, 0.01708185053380783, 0.00697904310003954], [0.000922433731550143, 53.87314142731681, 0.01716093317516805, 0.007018584420719651]],