{"Query": [-200.0, -39.659967636841984, -20.0, 0.8521021116677225, 5.204078502392853, 43.93951841878797], "Best Metrics": [42.7750859892893, 54.798447188540415, 0.006469069052770375, 0.014892623716153129, 0.006419234360410831, 1940.0, 913.0], "Default Metrics": [58.360071966257394, 59.25641811127164, 0.15755595536809663, 0.012021475256769375, 0.0074463118580765635, 1753.0, 834.0], "Metric Datapoints": [[0.15755595536809663, 59.25641811127164, 0.012021475256769375, 0.0074463118580765635], [0.10268458662205665, 49.842123572407075, 0.00973389355742297, 0.0036414565826330524], [0.1299514908513333, 65.65772432584016, 0.01746031746031746, 0.013702147525676937], [0.17914024569895334, 44.265908378857524, 0.005742296918767507, 0.0015873015873015869], [0.025561551819704122, 46.915195325160134, 0.007936507936507936, 0.002684407096171803], [0.05282681798452609, 62.887541957638355, 0.02096171802054155, 0.013562091503267978], [0.08782117877910814, 57.29735825144824, 0.013468720821661999, 0.006652661064425771], [0.2635212744794211, 43.032596557645, 0.004831932773109244, 0.0013071895424836598], [0.1558951200254334, 43.657804225905785, 0.0050186741363211955, 0.0013305322128851537], [0.03145207792666152, 55.96205403159881, 0.015943043884220354, 0.007516339869281047], [0.42899368613355393, 81.34424449654357, 0.02612044817927171, 0.03408029878618114], [0.03137772762804328, 49.58713354775666, 0.007866479925303455, 0.0027777777777777783], [0.2312747824757416, 47.424946190779636, 0.006862745098039216, 0.0030812324929971983], [0.06289664280422598, 61.80770369462614, 0.02030812324929972, 0.01129785247432306], [0.15194520329869354, 53.83838023750629, 0.01015406162464986, 0.0047385620915032685], [0.07476350555515367, 40.42140700589111, 0.004341736694677871, 0.000980392156862745], [0.12163008699869056, 42.56178660795852, 0.004621848739495798, 0.0012138188608776844], [0.027631734570406134, 57.01571158947369, 0.009570494864612512, 0.005578898225957049], [0.009710507432833795, 45.91624342966329, 0.007866479925303455, 0.0024976657329598504], [0.011162835333944758, 50.04231217709723, 0.010247432306255836, 0.004061624649859943], [0.06519194446442764, 52.96334939991503, 0.011297852474323062, 0.006722689075630251], [0.037175574484761775, 42.689547843369496, 0.0054621848739495795, 0.0015172735760971062], [0.16824485780376802, 43.82012070791299, 0.002707749766573296, 0.0009570494864612512], [0.14460061872890945, 60.77953935992071, 0.016223155929038283, 0.010294117647058822], [0.31135193392618105, 55.6991881843836, 0.012978524743230626, 0.006419234360410831], [0.008327028066661137, 51.408008606623, 0.010037348272642391, 0.004178338001867413], [0.10024348264900963, 44.746890241245104, 0.005625583566760037, 0.0016339869281045754], [0.20231831049227317, 48.510481325518086, 0.009056956115779646, 0.003291316526610643], [0.16021385678037162, 57.28397866994133, 0.0070028011204481795, 0.003524743230625584], [0.0033463963146742556, 46.07159018458131, 0.007773109243697479, 0.002567693744164332], [0.018265995280694055, 61.05907431224692, 0.01888422035480859, 0.01069094304388422], [0.09710243439802926, 40.704016328212006, 0.0035714285714285713, 0.0007703081232493], [0.12564210088364455, 47.48292696411135, 0.007563025210084034, 0.0024509803921568636], [0.3774029759206165, 57.562480726654414, 0.011321195144724556, 0.007586367880485527], [0.05553654332169656, 47.7992739773324, 0.008753501400560224, 0.00315126050420168], [0.0761992876913199, 54.47437177756033, 0.01496265172735761, 0.006349206349206349], [0.056648316789205885, 51.29075604934668, 0.01246498599439776, 0.004855275443510738], [0.07341051775924817, 42.991432255792844, 0.005065359477124183, 0.001283846872082166], [0.041532837749907084, 43.56001279622696, 0.005368814192343604, 0.0020308123249299717], [0.059263909131586225, 54.28093671206176, 0.01258169934640523, 0.00599906629318394], [0.12955196166536137, 53.32900377921399, 0.011624649859943978, 0.005298786181139121], [0.04953468681032691, 46.59766279125286, 0.008263305322128852, 0.0024976657329598504], [0.04131969342261163, 51.84590451869358, 0.012791783380018674, 0.0054154995331465935], [0.006469069052770375, 54.798447188540415, 0.014892623716153129, 0.006419234360410831], [0.025900651302059076, 49.886029283826964, 0.01027077497665733, 0.0036181139122315586], [0.2014647694908901, 49.236715510793964, 0.00753968253968254, 0.002684407096171802], [0.023810998238464817, 42.40535765523738, 0.005905695611577964, 0.0017273576097105508], [0.043556552578838316, 46.96240085011145, 0.008566760037348273, 0.002987861811391223], [0.04464281657332213, 42.562386817789296, 0.004785247432306256, 0.0011671335200746959], [0.006469069052770375, 54.798447188540415, 0.014892623716153129, 0.006419234360410831]],