{"Query": [-200.0, -33.084680753166495, -20.0, 1.0, 4.127944531472093, 34.258051656729236], "Best Metrics": [39.22101342973293, 40.70667208613546, 0.027572009850020507, 0.06520618556701031, 0.014347079037800678, 1876.0, 926.0], "Default Metrics": [53.45354489822736, 40.16765867025428, 0.13029747165681868, 0.05111683848797251, 0.013230240549828173, 1502.0, 749.0], "Metric Datapoints": [[0.13029747165681868, 40.16765867025428, 0.05111683848797251, 0.013230240549828173], [0.13585896570225747, 34.804630669203355, 0.04639175257731959, 0.007388316151202751], [0.13016350497131327, 43.654380084446714, 0.06245704467353952, 0.021219931271477657], [0.19644965876942938, 32.001136281588856, 0.03402061855670103, 0.004381443298969077], [0.040946301178762134, 31.799528724645228, 0.04140893470790378, 0.006013745704467353], [0.0938641050469733, 44.81192794820332, 0.06761168384879725, 0.019158075601374572], [0.09892082574797124, 39.254783385495934, 0.05378006872852234, 0.011426116838487974], [0.28595171618961573, 29.106869630244756, 0.030584192439862542, 0.003608247422680417], [0.1755005792386623, 33.22729640126451, 0.031529209621993126, 0.004467353951890032], [0.05306069843361762, 38.44970721858796, 0.05962199312714777, 0.012628865979381433], [0.3871071750752168, 57.9304281441355, 0.0711340206185567, 0.04381443298969072], [0.05582827057825553, 34.81419927689937, 0.04063573883161512, 0.006443298969072163], [0.2446532763815268, 30.78489910484639, 0.03814432989690722, 0.008075601374570446], [0.021122875332352502, 42.36597696561133, 0.06692439862542955, 0.0165807560137457], [0.16889073980334757, 37.562421843843644, 0.04630584192439863, 0.009879725085910653], [0.09460095586377852, 29.304278096936656, 0.027835051546391754, 0.003436426116838486], [0.14471825960518372, 28.542145931331003, 0.02972508591065292, 0.0036082474226804134], [0.12350301197972201, 37.670496398659054, 0.044759450171821306, 0.009020618556701034], [0.027572009850020507, 40.70667208613546, 0.06520618556701031, 0.014347079037800678], [0.008772778137789258, 42.02295295661241, 0.06752577319587628, 0.017869415807560143], [0.014527905699155063, 36.37070622728682, 0.0538659793814433, 0.010223367697594493], [0.027912489057100802, 41.14315585160499, 0.06572164948453608, 0.015463917525773196], [0.03891476131355951, 36.98539444152958, 0.04647766323024055, 0.011769759450171821], [0.1243040670944477, 57.92601922363519, 0.08419243986254296, 0.039690721649484534], [0.12224613874397623, 48.126814774200405, 0.0718213058419244, 0.024312714776632313], [0.05789856928626954, 38.32150762087888, 0.061168384879725084, 0.012199312714776638], [0.02578865642306817, 37.267956746466, 0.05824742268041237, 0.011168384879725088], [0.027084006249902298, 42.94915357325593, 0.06374570446735395, 0.01958762886597938], [0.09409473784793049, 37.59266300938785, 0.05420962199312715, 0.010996563573883164], [0.31956131476402583, 33.870171021193755, 0.04415807560137457, 0.006872852233676972], [0.048842812655412814, 35.09681535087835, 0.04355670103092783, 0.010137457044673538], [0.05246890655254383, 36.069322031204315, 0.048625429553264606, 0.01262886597938144], [0.04141058714100612, 41.90370919273349, 0.05919243986254295, 0.01615120274914089], [0.033997715495945255, 40.14485881796559, 0.06288659793814433, 0.01426116838487973], [0.0004440588835760669, 36.81465340894848, 0.05412371134020619, 0.009793814432989684], [0.009159078526451678, 41.18493508753916, 0.06503436426116839, 0.01486254295532645], [0.018779348022299736, 49.48882749113262, 0.07757731958762887, 0.026546391752577322], [0.271702131601858, 57.121679230529644, 0.06950171821305842, 0.04493127147766322], [0.08686007097416572, 36.051375623773126, 0.04630584192439863, 0.008591065292096217], [0.02338963472900413, 33.177912945565005, 0.043642611683848795, 0.006357388316151208], [0.30283912116769035, 39.78129120127325, 0.06168384879725086, 0.013831615120274907], [0.039557458347497174, 38.37163139626281, 0.05979381443298969, 0.012371134020618547], [0.18961846202488541, 37.36652513364765, 0.054982817869415807, 0.010567010309278355], [0.06648314795250683, 29.28497399713735, 0.024312714776632303, 0.002749140893470791], [0.07713709457043226, 41.60663456812419, 0.061254295532646046, 0.014948453608247432], [0.005773799053961465, 39.89354033946937, 0.06237113402061856, 0.013402061855670097], [0.0531718768277755, 42.848863407452974, 0.0693298969072165, 0.016752577319587625], [0.06866519244582482, 41.349990727209914, 0.06572164948453608, 0.014948453608247425], [0.010408801301688106, 29.810621383663566, 0.03857388316151203, 0.004896907216494842], [0.027572009850020507, 40.70667208613546, 0.06520618556701031, 0.014347079037800678]],