{"Query": [-200.0, -21.89478353759735, -20.0, 0.9607092570968309, 3.8594813258987184, 46.07819703496095], "Best Metrics": [50.97219546275092, 72.8399772974516, 0.027188880154388705, 0.043245869776482024, 0.035398445092322636, 7068.0, 3237.0], "Default Metrics": [58.66163227567636, 63.37193646234386, 0.15923129042042422, 0.018756073858114675, 0.012998056365403306, 2786.0, 1307.0], "Metric Datapoints": [[0.15923129042042422, 63.37193646234386, 0.018756073858114675, 0.012998056365403306], [0.10064568934884845, 58.534565418626904, 0.015500485908649175, 0.00770165208940719], [0.12014058826204715, 67.00966792736858, 0.024951409135082606, 0.021064139941690964], [0.15357084241690797, 52.3144147066965, 0.00935374149659864, 0.00391156462585034], [0.01728491879182504, 58.47679364342502, 0.0119533527696793, 0.006389698736637514], [0.055253754998216956, 66.93194708714849, 0.03066083576287658, 0.023032069970845483], [0.082937144871969, 63.33622482194129, 0.01987366375121477, 0.012050534499514091], [0.2701747369840276, 53.27840859295365, 0.0077016520894071915, 0.0031341107871720123], [0.14343292149594775, 54.57833424115233, 0.008357628765792031, 0.003474246841593781], [0.024120514859883396, 62.609536516822985, 0.022910592808551993, 0.014237123420796891], [0.39663985883844416, 79.69970170751536, 0.037973760932944606, 0.0456511175898931], [0.018839772490508326, 55.39245169466314, 0.012633624878522837, 0.005709426627793977], [0.2313045550760204, 56.59137813020819, 0.01044703595724004, 0.00641399416909621], [0.06860501709798841, 66.60264310393663, 0.029421768707482993, 0.01967930029154519], [0.13634240960385127, 58.486029710635144, 0.016034985422740525, 0.008989310009718175], [0.06961898029413195, 50.00703715908722, 0.006778425655976676, 0.00240524781341108], [0.13273397689400102, 50.09978635196777, 0.007094266277939748, 0.0030612244897959186], [0.15931450971500283, 65.07145981202066, 0.02893586005830904, 0.020966958211856172], [0.0046327280123344946, 68.56030432278135, 0.030320699708454812, 0.023663751214771624], [0.11771078984280187, 75.55780422259073, 0.04771622934888241, 0.042103984450923226], [0.08478787974383373, 77.31725983176466, 0.04825072886297376, 0.04567541302235179], [0.21421735288489122, 72.92554737438412, 0.04149659863945578, 0.038872691933916424], [0.11552007492936818, 71.6042745187895, 0.04115646258503401, 0.032507288629737605], [0.0744841743738254, 74.98876425504136, 0.04701166180758017, 0.041666666666666664], [0.11510995936134327, 68.11535953675666, 0.03389212827988338, 0.024295432458697766], [0.10992195655103608, 72.64644355396554, 0.04278425655976676, 0.034863945578231297], [0.06706721201654173, 72.62212930753833, 0.042249757045675414, 0.038799805636540334], [0.016586343794799417, 60.16221843862587, 0.01936345966958212, 0.01154033041788144], [0.15540009872677496, 80.28800982531611, 0.048785228377065115, 0.0510932944606414], [0.28965536256608904, 65.63662976273943, 0.02444120505344995, 0.016156462585034014], [0.13018253585781756, 73.68115103100477, 0.044800777453838675, 0.038459669582118564], [0.20182465911969033, 72.97680538654521, 0.03940719144800778, 0.03282312925170068], [0.017055701764060495, 72.13883245865028, 0.04122934888241011, 0.03306608357628766], [0.10019569327165621, 71.34799170471392, 0.040354713313896985, 0.03224003887269194], [0.007773259567733209, 75.28751100372033, 0.04494655004859086, 0.0391399416909621], [0.09299904873057091, 73.31888885368916, 0.0413022351797862, 0.034985422740524776], [0.01887964018342498, 72.0576161263901, 0.041763848396501456, 0.033503401360544215], [0.10033746333155197, 60.781874019732356, 0.019169096209912535, 0.01076287657920311], [0.02130924509235087, 72.64694084234333, 0.042444120505345, 0.03459669582118561], [0.03030444523938169, 78.95301918046457, 0.04939261418853256, 0.049927113702623906], [0.02694120828672075, 72.8940441703464, 0.04329446064139942, 0.035568513119533525], [0.15157802737689785, 75.13430314752625, 0.045383867832847424, 0.04105928085519922], [0.26871446963351536, 80.45305975971274, 0.047376093294460644, 0.04849368318756074], [0.1278400824589007, 85.25107120143005, 0.04535957240038873, 0.06375121477162293], [0.05616599980336679, 71.28029673476972, 0.03991739552964043, 0.03189990281827016], [0.029792916037732948, 72.72509161317272, 0.04295432458697765, 0.035082604470359574], [0.2320319216193782, 78.97783928144736, 0.04693877551020408, 0.04533527696793003], [0.04704289201572295, 79.18335316116526, 0.048688046647230324, 0.04912536443148688], [0.027188880154388705, 72.8399772974516, 0.043245869776482024, 0.035398445092322636], [0.027188880154388705, 72.8399772974516, 0.043245869776482024, 0.035398445092322636]],