{"Query": [-200.0, -35.16590882029441, -20.0, 0.8633769815646803, 4.217088069825553, 37.791682104113605], "Best Metrics": [43.12753512316832, 69.43514474816115, 0.02964362788363732, 0.021489501312335957, 0.014566929133858271, 2725.0, 1099.0], "Default Metrics": [55.49115639346448, 69.69449003479313, 0.1416175355192471, 0.01646981627296588, 0.011975065616797897, 2111.0, 867.0], "Metric Datapoints": [[0.1416175355192471, 69.69449003479313, 0.01646981627296588, 0.011975065616797897], [0.12405446468363644, 66.90474733244082, 0.014665354330708662, 0.00961286089238845], [0.14305243500307532, 78.45722461653071, 0.02125984251968504, 0.02257217847769029], [0.180921511329446, 59.8269847249052, 0.010564304461942257, 0.005216535433070867], [0.03859971514877832, 65.9846794972225, 0.01276246719160105, 0.00853018372703412], [0.06956979734784892, 76.83099355745861, 0.024015748031496063, 0.021161417322834646], [0.11050994004264261, 72.89472337627257, 0.017191601049868766, 0.013910761154855643], [0.292220546590991, 59.76697247136269, 0.009087926509186352, 0.004888451443569553], [0.15873784758353182, 58.55016713960956, 0.009416010498687665, 0.0045603674540682405], [0.05596294677110154, 71.69970979268807, 0.019652230971128608, 0.014993438320209974], [0.43230301689956, 95.56887330342121, 0.03051181102362205, 0.0458989501312336], [0.019818786191465775, 61.5819556739441, 0.012664041994750656, 0.006889763779527559], [0.2611677917867524, 63.95641922786668, 0.011581364829396326, 0.009448818897637795], [0.04570282858000816, 75.22000983108516, 0.023425196850393702, 0.01899606299212598], [0.1481905380774909, 66.4628468236055, 0.014763779527559055, 0.00954724409448819], [0.09594876269714477, 56.68821406428243, 0.008070866141732283, 0.004101049868766405], [0.15350384487574795, 60.18777617226125, 0.008300524934383203, 0.00508530183727034], [0.1253912113610282, 69.71301742160259, 0.020439632545931757, 0.014960629921259842], [0.13977563465528045, 70.12967007089419, 0.020538057742782154, 0.015518372703412074], [0.06259861054950273, 75.44045116510834, 0.023786089238845145, 0.019783464566929133], [0.011631147739132056, 82.09446078210719, 0.025656167979002626, 0.026312335958005247], [0.02964362788363732, 69.43514474816115, 0.021489501312335957, 0.014566929133858271], [0.06182268097038046, 65.83403872187934, 0.017355643044619423, 0.01069553805774278], [0.05710992208981464, 69.10085615301188, 0.02103018372703412, 0.014435695538057743], [0.06500010634861791, 68.80704702799099, 0.02103018372703412, 0.014206036745406825], [0.0021391778473058153, 69.6271776642184, 0.021095800524934382, 0.015026246719160103], [0.005458156783753686, 69.20806829639614, 0.02076771653543307, 0.014041994750656164], [0.021630914716720264, 72.29078399990091, 0.022440944881889763, 0.01656824146981627], [0.01424322101574202, 67.47477152027885, 0.01916010498687664, 0.012467191601049872], [0.1768738383948451, 66.85033475158976, 0.017979002624671916, 0.012565616797900261], [0.06938310476170967, 65.38596281444478, 0.017979002624671916, 0.011581364829396326], [0.0873091229598556, 58.65707156791262, 0.010990813648293964, 0.005249343832020996], [0.19383949945529036, 60.77953506948328, 0.010662729658792652, 0.00639763779527559], [0.00041509476500619275, 64.051937109979, 0.012959317585301838, 0.008530183727034119], [0.19474002021167097, 71.93517833650932, 0.021456692913385828, 0.01591207349081365], [0.030470558758637266, 69.00228121710526, 0.021161417322834646, 0.014206036745406821], [0.02579472232643596, 70.26680631821988, 0.02155511811023622, 0.015026246719160107], [0.07798848486891308, 62.42872279731402, 0.011745406824146981, 0.006364829396325459], [0.1911542199798325, 68.19952768503471, 0.01751968503937008, 0.011778215223097112], [0.20974364061871706, 78.11484334730032, 0.02365485564304462, 0.020702099737532807], [0.07984374266223047, 69.93579834250447, 0.02155511811023622, 0.014895013123359578], [0.19259516830201726, 71.0665222603488, 0.018405511811023623, 0.013812335958005247], [0.10728270842108267, 63.7817336851744, 0.014534120734908137, 0.008727034120734908], [0.08290777155260917, 73.40979750795825, 0.021161417322834646, 0.017290026246719162], [0.19963045432754278, 60.186286497757486, 0.011515748031496064, 0.00590551181102362], [0.07661560413682598, 57.040774392513924, 0.009186351706036745, 0.004101049868766405], [0.19265506835014523, 63.19655500927098, 0.01305774278215223, 0.007480314960629923], [7.372418269415703e-05, 66.4855039695262, 0.014238845144356955, 0.009973753280839897], [0.17709616415674923, 74.02956699189382, 0.02234251968503937, 0.018832020997375326], [0.02964362788363732, 69.43514474816115, 0.021489501312335957, 0.014566929133858271]],