{"Query": [-200.0, -27.612493589773834, -20.0, 0.9999986870459834, 7.254552543755061, 51.1077654699813], "Best Metrics": [46.800583481575146, 62.01818490105566, 0.023928788824478648, 0.02637406089363385, 0.014234875444839857, 4459.0, 2054.0], "Default Metrics": [61.252371062839295, 57.09697681760324, 0.17362428368244054, 0.015836298932384342, 0.008224594701463028, 2579.0, 1217.0], "Metric Datapoints": [[0.17362428368244054, 57.09697681760324, 0.015836298932384342, 0.008224594701463028], [0.06273929259755787, 54.17474246137654, 0.013898774219058916, 0.005713720838275999], [0.057226174459404554, 65.41625981838294, 0.0213918544879399, 0.013127718465796759], [0.11843190778302003, 52.4552326790545, 0.009549228944246738, 0.0038355081059707388], [0.034808359489781455, 54.34210859698301, 0.012554369315935152, 0.004903123764333727], [0.04526266438219303, 60.31012241249199, 0.02376433372874654, 0.013819691577698696], [0.027286824719342167, 58.85837901016957, 0.01674574930802689, 0.008105970739422694], [0.20330259741434856, 52.076945225586265, 0.008659549228944246, 0.0029655990510083045], [0.09693808966671362, 51.94612599409357, 0.008659549228944246, 0.003459865559509688], [0.0137731633260765, 56.738736941475395, 0.019098457888493476, 0.008461842625543694], [0.3400227120785689, 82.03544717156514, 0.02965599051008304, 0.03096085409252669], [0.003600311120649972, 52.17196218554578, 0.01188216686437327, 0.004903123764333727], [0.16398079583490083, 54.95421712766888, 0.011526294978252274, 0.005001977066034006], [0.08520954055194857, 59.1827823402426, 0.02257809410834322, 0.01130881771451166], [0.12287897150861293, 55.22965068147214, 0.014155792803479636, 0.00630684064847766], [0.01934867887710041, 48.19957493542449, 0.007848952155001978, 0.0023724792408066422], [0.058487643431131844, 51.62000510719213, 0.008422301304863582, 0.002827204428627916], [0.06774527147196087, 63.096525995015206, 0.024476077500988534, 0.013859232898378808], [0.05445620600564895, 60.37525849062856, 0.02184657967576117, 0.011387900355871883], [0.08612086925806987, 57.415437543134445, 0.021095294582839066, 0.011368129695531835], [0.11198230414699897, 59.840179975390186, 0.021134835903519177, 0.010438908659549228], [0.09786609086986871, 58.95999855109102, 0.023151443258204823, 0.011229735073151444], [0.13907926815007135, 55.987818665741024, 0.018327402135231315, 0.008758402530644523], [0.003423767262776857, 59.37847778575062, 0.022716488730723607, 0.011091340450771058], [0.007090151269001134, 61.085554315377486, 0.025286674574930803, 0.013503361012257808], [0.09900411361990942, 72.5947726239045, 0.03776196124950573, 0.02935943060498221], [0.11818944579569081, 61.01468735661356, 0.024377224199288255, 0.01332542506919731], [0.0018243167340643474, 59.13058340710959, 0.022676947410043495, 0.011407671016211943], [0.009781220214674412, 61.579934158169934, 0.025365757216291022, 0.013523131672597867], [0.023928788824478648, 62.01818490105566, 0.02637406089363385, 0.014234875444839857], [0.05918463240204762, 65.09172059983678, 0.02730328192961645, 0.01688414393040728], [0.06298416311418163, 54.84625460104505, 0.015856069592724398, 0.006425464610517989], [0.12108977013323595, 54.707094157610086, 0.017833135626729932, 0.007730328192961645], [0.03449913838475626, 59.50463245390983, 0.022815342032423882, 0.011269276393831556], [0.1715647921471828, 55.968089347795306, 0.01609331751680506, 0.006880189798339265], [0.1297511932665234, 62.91593162906561, 0.02151047844998023, 0.012297350731514434], [0.18381942756221883, 67.77330476255861, 0.02240015816528272, 0.024970344009489914], [0.08059774725893602, 49.474369815622666, 0.007058125741399763, 0.002392249901146698], [0.13079160124292563, 61.28090321902306, 0.02661130881771451, 0.015045472518782129], [0.001970207942158492, 57.810153850562735, 0.015776986951364175, 0.007908264136022143], [0.08506487468711997, 57.68532272195614, 0.021866350336101226, 0.010597073942269674], [0.09728676230384584, 54.05548100474749, 0.01619217081850534, 0.006524317912218268], [0.06537469450740155, 53.1629506117309, 0.01265322261763543, 0.004665875840253063], [0.23636450817050142, 52.77088612562397, 0.012752075919335706, 0.004903123764333727], [0.29164964962633555, 61.777378702298954, 0.0177145116646896, 0.008995650454725189], [0.2370974419710276, 52.641527916284055, 0.011111111111111112, 0.006405693950177935], [0.08418722218581755, 50.75021077943437, 0.009984183471727956, 0.003598260181890075], [0.14657895555401948, 56.68343559483548, 0.019395017793594305, 0.009232898378805855], [0.08545586305119914, 56.36150786020205, 0.018940292605773033, 0.008283906682483196], [0.023928788824478648, 62.01818490105566, 0.02637406089363385, 0.014234875444839857]],