{"Query": [-200.0, -46.249946815029986, -20.0, 0.6350812355287053, 10.0, 30.0], "Best Metrics": [51.127829181235256, 68.24651754406003, 0.11737682878464031, 0.004933899905571294, 0.0035174693106704447, 784.0, 358.0], "Default Metrics": [85.94285990250717, 68.82749922046533, 0.31079366612503984, 0.004084041548630784, 0.004910292728989613, 834.0, 381.0], "Metric Datapoints": [[0.31079366612503984, 68.82749922046533, 0.004084041548630784, 0.004910292728989613], [0.020169319313032633, 65.5731168540738, 0.004060434372049103, 0.0030925401322001887], [0.034412523758123155, 86.70673637705829, 0.006303116147308782, 0.007176581680830974], [0.044385429663692834, 61.02722589259184, 0.0029036827195467424, 0.002077431539187913], [0.10677830324245115, 62.92909559723887, 0.0037535410764872523, 0.0024787535410764868], [0.1268625191423935, 74.07440352397792, 0.007011331444759207, 0.008711048158640225], [0.06285251855259143, 71.74441318600682, 0.0047922568460812085, 0.004320113314447592], [0.16265407664372059, 57.79199564431012, 0.002785646836638338, 0.001605288007554296], [0.02761596890772719, 62.84019358581909, 0.0026203966005665723, 0.0019830028328611895], [0.09735646330140466, 70.99163632811995, 0.005594900849858357, 0.004933899905571294], [0.024694564774849603, 113.11172535754127, 0.008097261567516525, 0.015391879131255903], [0.10662425358853447, 60.47497672523021, 0.003517469310670444, 0.002762039660056657], [0.12583831775923981, 65.81368894772689, 0.003517469310670444, 0.0023135033050047217], [0.20671306960078534, 76.25520717445367, 0.006869688385269122, 0.007365439093484419], [0.006270380338311475, 62.66188072275848, 0.004036827195467422, 0.003493862134088763], [0.01459875889116478, 57.32610667195881, 0.002502360717658168, 0.0014164305949008501], [0.030404581786524706, 58.82753116096502, 0.0027148253068932956, 0.0015816808309726152], [0.048977462881854096, 71.54484191681118, 0.004508970727101038, 0.003470254957507083], [0.12533402764769797, 62.09039295621396, 0.003942398489140699, 0.002455146364494806], [0.11852630234074278, 65.25860667205038, 0.00424929178470255, 0.0028328611898016994], [0.13621413845774186, 64.92314561520843, 0.004414542020774315, 0.003045325779036828], [0.1895883768823441, 63.17962258257782, 0.0035646836638338055, 0.0023607176581680834], [0.2633521556144535, 65.78827713015764, 0.00512275731822474, 0.00481586402266289], [0.11299345264697942, 59.09722972616217, 0.0030925401322001887, 0.0018413597733711049], [0.06995943471977589, 62.907069630283544, 0.004154863078375827, 0.0026912181303116144], [0.08291381798538203, 69.93717844750567, 0.004390934844192634, 0.0032577903682719555], [0.1552517872127039, 72.07498999356869, 0.0037063267233238906, 0.0031161473087818695], [0.06652792843943697, 61.13582405551823, 0.0036118980169971672, 0.002101038715769594], [0.004695709339351595, 63.449367935362154, 0.0041784702549575075, 0.002880075542965061], [0.11737682878464031, 68.24651754406003, 0.004933899905571294, 0.0035174693106704447], [0.043126491264015125, 67.40194214784057, 0.004627006610009443, 0.003375826251180359], [0.08158554107205554, 55.46806302277499, 0.002478753541076487, 0.0012039660056657226], [0.14908166676514903, 63.796635070316775, 0.004060434372049103, 0.0028092540132200186], [0.0901642734474761, 60.388997801728664, 0.0030925401322001887, 0.0017941454202077432], [0.14159556903829867, 62.8513087842039, 0.002195467422096317, 0.0014164305949008501], [0.20488319537851016, 56.47006780246954, 0.00198300283286119, 0.0013928234183191689], [0.007619490087933261, 61.657172400353986, 0.0036827195467422098, 0.002242681775259679], [0.04861602912125696, 63.12814735423049, 0.003895184135977337, 0.0024551463644948064], [0.10193166191248063, 70.54730894072033, 0.005169971671388102, 0.003847969782813975], [0.12901972534959885, 68.75510538183421, 0.004981114258734655, 0.0037299338999055714], [0.014092193121927584, 61.872676067929895, 0.0036827195467422098, 0.0024079320113314442], [0.08316507146536702, 63.476067895989544, 0.004060434372049103, 0.0027856468366383377], [0.3732217665032879, 61.42890637095236, 0.0025495750708215297, 0.0034702549575070817], [0.03553555848115922, 60.2301102722739, 0.003493862134088763, 0.002124645892351275], [0.06737109051695758, 62.80544192604978, 0.0035410764872521247, 0.003210576015108593], [0.11551088148143525, 63.726946460383665, 0.003375826251180359, 0.002620396600566572], [0.25230206234204666, 59.74211424948669, 0.0024551463644948064, 0.0012511803588290842], [0.20875306925621126, 59.72548468583754, 0.0025967894239848914, 0.0019357884796978278], [0.04118686706581328, 64.06863550051497, 0.003045325779036827, 0.0019121813031161474], [0.11737682878464031, 68.24651754406003, 0.004933899905571294, 0.0035174693106704447]],