{"Query": [-200.0, -59.0743796137434, -20.0, 1.0, 9.433162941234166, 30.0], "Best Metrics": [29.41083472463023, 31.000726154362905, 0.0032731404187209398, 0.04149484536082474, 0.005326460481099658, 1113.0, 545.0], "Default Metrics": [53.45354489822736, 40.16765867025428, 0.13029747165681868, 0.05111683848797251, 0.013230240549828173, 1502.0, 749.0], "Metric Datapoints": [[0.13029747165681868, 40.16765867025428, 0.05111683848797251, 0.013230240549828173], [0.13585896570225747, 34.804630669203355, 0.04639175257731959, 0.007388316151202751], [0.13016350497131327, 43.654380084446714, 0.06245704467353952, 0.021219931271477657], [0.19644965876942938, 32.001136281588856, 0.03402061855670103, 0.004381443298969077], [0.040946301178762134, 31.799528724645228, 0.04140893470790378, 0.006013745704467353], [0.0938641050469733, 44.81192794820332, 0.06761168384879725, 0.019158075601374572], [0.09892082574797124, 39.254783385495934, 0.05378006872852234, 0.011426116838487974], [0.28595171618961573, 29.106869630244756, 0.030584192439862542, 0.003608247422680417], [0.1755005792386623, 33.22729640126451, 0.031529209621993126, 0.004467353951890032], [0.05306069843361762, 38.44970721858796, 0.05962199312714777, 0.012628865979381433], [0.3871071750752168, 57.9304281441355, 0.0711340206185567, 0.04381443298969072], [0.05582827057825553, 34.81419927689937, 0.04063573883161512, 0.006443298969072163], [0.2446532763815268, 30.78489910484639, 0.03814432989690722, 0.008075601374570446], [0.021122875332352502, 42.36597696561133, 0.06692439862542955, 0.0165807560137457], [0.16889073980334757, 37.562421843843644, 0.04630584192439863, 0.009879725085910653], [0.09460095586377852, 29.304278096936656, 0.027835051546391754, 0.003436426116838486], [0.14471825960518372, 28.542145931331003, 0.02972508591065292, 0.0036082474226804134], [0.12052669118582003, 37.29936033089433, 0.04243986254295533, 0.007989690721649484], [0.014632008157170872, 35.90773131707285, 0.05128865979381443, 0.008591065292096224], [0.05390605198578962, 34.599700567840095, 0.04896907216494845, 0.007903780068728522], [0.012676848235759625, 34.52197037868222, 0.04888316151202749, 0.008591065292096217], [0.01316024991649848, 29.838322583312642, 0.03565292096219931, 0.004725085910652925], [0.008104583147091976, 32.12942925161291, 0.0365979381443299, 0.005326460481099651], [0.039167579531557056, 29.915529272588994, 0.038402061855670105, 0.0067010309278350486], [0.3696715543390809, 37.35259412549192, 0.04776632302405498, 0.012113402061855676], [0.01475424536224822, 29.58638606353365, 0.03651202749140894, 0.00481099656357388], [0.02757467720147228, 32.97145267419276, 0.030927835051546393, 0.0043814432989690705], [0.10907661685390649, 31.082466061051274, 0.022594501718213058, 0.0030927835051546386], [0.3275415210873053, 36.33699113104202, 0.049484536082474224, 0.009536082474226805], [0.01657461564210162, 31.12050142155654, 0.04252577319587629, 0.006357388316151201], [0.01676037354784646, 32.32402656119363, 0.04209621993127148, 0.0059278350515463915], [0.04696136161834694, 33.2528726854084, 0.043642611683848795, 0.006357388316151208], [0.03837192997131014, 32.2288223331112, 0.038316151202749144, 0.005068728522336766], [0.08364725361539094, 38.014924324606646, 0.049570446735395186, 0.011082474226804126], [0.07494281261396789, 34.55008397480338, 0.013573883161512028, 0.005154639175257731], [0.0032731404187209398, 31.000726154362905, 0.04149484536082474, 0.005326460481099658], [0.011169260371076796, 31.312974229749894, 0.03127147766323024, 0.004209621993127147], [0.05706401190790057, 42.13221801258301, 0.06743986254295532, 0.016580756013745715], [0.045654697707749395, 35.661602925103864, 0.04243986254295533, 0.01065292096219931], [0.16339431687892672, 35.41490888308, 0.023109965635738833, 0.004467353951890032], [0.056418123922841505, 28.8572997806335, 0.024742268041237112, 0.002749140893470791], [0.09853855320578353, 30.45314525539533, 0.02663230240549828, 0.003178694158075604], [0.10930915680374266, 41.01419786851419, 0.06108247422680412, 0.014862542955326456], [0.2416900810659203, 35.22897717182115, 0.03874570446735395, 0.006443298969072163], [0.022461545912381867, 26.034474333320425, 0.027147766323024056, 0.002920962199312715], [0.05223166321828086, 34.37506888523852, 0.04441580756013746, 0.007302405498281782], [0.03305728972959135, 36.71218271860152, 0.03943298969072165, 0.007989690721649484], [0.10922069955318475, 37.99050031783191, 0.04939862542955326, 0.010910652920962202], [0.12220941667655624, 35.85023836795336, 0.05042955326460481, 0.009106529209621989], [0.0032731404187209398, 31.000726154362905, 0.04149484536082474, 0.005326460481099658]],