{"Query": [-200.0, -30.84097773897568, -20.0, 1.0, 7.087311098829632, 30.0], "Best Metrics": [38.614699333853075, 55.090538645952655, 0.0478594407436282, 0.020660522273425498, 0.009318996415770612, 2839.0, 1171.0], "Default Metrics": [54.423243260849546, 52.489289192936866, 0.13568468478249748, 0.013108038914490527, 0.005427547363031235, 1789.0, 724.0], "Metric Datapoints": [[0.13568468478249748, 52.489289192936866, 0.013108038914490527, 0.005427547363031235], [0.10898948612587027, 47.04993706080024, 0.01062467997951869, 0.0032514080901177665], [0.11138611990058378, 56.035590299454626, 0.017818740399385562, 0.00985663082437276], [0.16490158234588717, 41.78879401866927, 0.0066820276497695855, 0.0015873015873015869], [0.015337099117283988, 42.91527207732067, 0.009190988223246288, 0.0024833589349718375], [0.07748435314595557, 56.97254309795086, 0.021121351766513058, 0.010343061955965183], [0.07460740772700435, 52.91787109308453, 0.013364055299539171, 0.005427547363031235], [0.2582735713885339, 37.75095820751216, 0.006298003072196621, 0.0013568868407578078], [0.14546493797968213, 40.1295903732351, 0.006298003072196621, 0.0013568868407578078], [0.03640935170683157, 49.605274248962445, 0.016001024065540194, 0.006041986687147977], [0.38433730414756984, 71.19785614754355, 0.025806451612903226, 0.02511520737327189], [0.04309535655358299, 43.83082353734014, 0.00878136200716846, 0.0024833589349718375], [0.21042405572191689, 41.15845237716374, 0.00837173579109063, 0.0027137736815156157], [0.05169583458765001, 55.1794287398268, 0.019687660010240655, 0.009037378392217101], [0.15092189320205532, 46.890898987804185, 0.011008704557091653, 0.003609831029185868], [0.06937288096324414, 36.35019319888197, 0.00576036866359447, 0.0010752688172043006], [0.11254226811433946, 37.111683055198185, 0.0060931899641577065, 0.0013056835637480797], [0.0478594407436282, 55.090538645952655, 0.020660522273425498, 0.009318996415770612], [0.012828512641617391, 55.20714957208416, 0.01953405017921147, 0.009600614439324116], [0.12716652306794055, 53.25280899561143, 0.017076292882744495, 0.007168458781362009], [0.022252081849323504, 61.630564087565645, 0.02795698924731183, 0.016205837173579107], [0.008950384063548079, 56.13680290957747, 0.02078853046594982, 0.009779825908858168], [0.14127044540503933, 55.02253629081454, 0.020558115719406043, 0.009651817716333843], [0.015377333187859242, 46.6132892128784, 0.01264720942140297, 0.004377880184331799], [0.06949406894195062, 51.3827473708066, 0.016538658474142345, 0.00629800307219662], [0.05992126991334194, 53.28970822104187, 0.01876600102406554, 0.007859703020993345], [0.050040287897506947, 56.43939159410232, 0.02250384024577573, 0.010983102918586791], [0.015657424295795547, 48.8810046865459, 0.011674347158218126, 0.004838709677419355], [0.1403344074880984, 53.758404319588664, 0.01674347158218126, 0.007501280081925243], [0.036506333953119786, 57.22377286424776, 0.021684587813620072, 0.010650281618023553], [0.04112009432937557, 51.51485311685039, 0.017665130568356373, 0.006938044034818229], [0.17768688573303798, 45.610896681507604, 0.007450076804915514, 0.0025857654889912957], [0.25693513840391036, 55.817821114914565, 0.01871479774705581, 0.008525345622119818], [0.01763863643088557, 53.76583796584255, 0.019098822324628777, 0.00826932923707117], [0.11855178380714927, 52.9913617999132, 0.015693804403481823, 0.006477214541730669], [0.05063574785978327, 52.78195518405216, 0.01769073220686124, 0.007066052227342547], [0.03244932245179213, 54.03528341271063, 0.018330773169482846, 0.0076036866359447015], [0.027624057099994086, 45.67956269796377, 0.012083973374295955, 0.0037634408602150535], [0.01621781513276122, 49.56483043681003, 0.014592933947772658, 0.005657962109575011], [0.10048827331505715, 66.70649788846954, 0.03213005632360471, 0.02171018945212494], [0.05526371178010806, 54.47028948536511, 0.01966205837173579, 0.00896057347670251], [0.03723582636283018, 55.77326359249003, 0.020942140296979005, 0.009959037378392217], [0.11843212003925604, 56.10587569053522, 0.019508448540706606, 0.009344598054275472], [0.027155227666259385, 50.33385419218758, 0.01638504864311316, 0.005990783410138249], [0.19349261230283368, 56.833458184973054, 0.02060931899641577, 0.01016385048643113], [0.04295425549265492, 64.3998339487341, 0.029646697388632872, 0.01948284690220174], [0.07697415152298856, 55.79855426056342, 0.019175627240143368, 0.008832565284178188], [0.024320279198873883, 45.7140635838958, 0.01098310291858679, 0.003328213005632361], [0.00654034439916982, 49.84369507101538, 0.015309779825908858, 0.006630824372759858], [0.0478594407436282, 55.090538645952655, 0.020660522273425498, 0.009318996415770612]],